<?xml version="1.0" encoding="UTF-8"?>
<eml:eml xmlns:eml="eml://ecoinformatics.org/eml-2.1.1" xmlns:dc="http://purl.org/dc/terms/" xmlns:xsi="http://www.w3.org/2001/XMLSchema-instance" xsi:schemaLocation="eml://ecoinformatics.org/eml-2.1.1 http://rs.gbif.org/schema/eml-gbif-profile/1.0.1/eml.xsd" packageId="2d4ddc21-c2ac-4c7f-8fd6-a3d758415cfa" system="https://symbiota.org" scope="system" xml:lang="eng"><dataset><alternateIdentifier>https://portal.torcherbaria.org/portal/collections/misc/collprofiles.php?collid=459</alternateIdentifier><title xml:lang="eng">Oklahoma State University Herbarium</title><creator id="3af58358-9758-4cb7-b213-7caeaa233342"><organizationName>TORCH Portal</organizationName><electronicMailAddress>jbest@brit.org</electronicMailAddress><onlineUrl>https://portal.torcherbaria.org/portal/index.php</onlineUrl></creator><metadataProvider><organizationName>TORCH Portal</organizationName><electronicMailAddress>jbest@brit.org</electronicMailAddress><onlineUrl>https://portal.torcherbaria.org/portal/index.php</onlineUrl></metadataProvider><pubDate>2021-03-04</pubDate><language>eng</language><abstract><para>Vascular plant specimens mounted on paper, bryophyte and lichen specimens in packets</para></abstract><contact><organizationName>Oklahoma State University Herbarium</organizationName><electronicMailAddress>mark.fishbein@okstate.edu</electronicMailAddress><onlineUrl>http://plantbio.okstate.edu/resources/herbarium</onlineUrl></contact><associatedParty><individualName><surName>Mark Fishbein</surName><givenName></givenName></individualName><electronicMailAddress>mark.fishbein@okstate.edu</electronicMailAddress><role>contentProvider</role></associatedParty><intellectualRights><para>To the extent possible under law, the publisher has waived all rights to these data and has dedicated them to the <ulink url="http://creativecommons.org/licenses/by/4.0/"><citetitle></citetitle></ulink></para></intellectualRights></dataset><additionalMetadata><metadata><symbiota><dateStamp>2021-03-04T13:48:25-07:00</dateStamp><citation identifier="2d488aa5-1a58-46c1-af4d-3c41c84fa925">TORCH Portal - 2d488aa5-1a58-46c1-af4d-3c41c84fa925</citation><physical><characterEncoding>UTF-8</characterEncoding><dataFormat><externallyDefinedFormat><formatName>Darwin Core Archive</formatName></externallyDefinedFormat></dataFormat></physical><collection identifier="4f8ecaf5-6ea8-4b39-81d7-123e4a282468" id="459"><alternateIdentifier>https://portal.torcherbaria.org/portal/collections/misc/collprofiles.php?collid=459</alternateIdentifier><parentCollectionIdentifier>OKLA</parentCollectionIdentifier><collectionIdentifier></collectionIdentifier><collectionName>Oklahoma State University Herbarium</collectionName><resourceLogoUrl>https://portal.torcherbaria.org/portal/content/collicon/okla.png</resourceLogoUrl><onlineUrl>http://plantbio.okstate.edu/resources/herbarium</onlineUrl><intellectualRights>http://creativecommons.org/licenses/by/4.0/</intellectualRights><additionalInfo>Oklahoma State University</additionalInfo><associatedParty><individualName><surName>Mark Fishbein</surName><givenName></givenName></individualName><electronicMailAddress>mark.fishbein@okstate.edu</electronicMailAddress></associatedParty><abstract><para>Vascular plant specimens mounted on paper, bryophyte and lichen specimens in packets</para></abstract></collection></symbiota></metadata></additionalMetadata></eml:eml>
