<?xml version="1.0" encoding="UTF-8"?>
<eml:eml xmlns:eml="eml://ecoinformatics.org/eml-2.1.1" xmlns:dc="http://purl.org/dc/terms/" xmlns:xsi="http://www.w3.org/2001/XMLSchema-instance" xsi:schemaLocation="eml://ecoinformatics.org/eml-2.1.1 http://rs.gbif.org/schema/eml-gbif-profile/1.0.1/eml.xsd" packageId="1e2b4a6d-31cf-4aa2-ba2a-587b7c73b29d" system="https://symbiota.org" scope="system" xml:lang="eng"><dataset><alternateIdentifier>https://portal.torcherbaria.org/portal/collections/misc/collprofiles.php?collid=463</alternateIdentifier><title xml:lang="eng">Baylor University Herbarium</title><creator id="3af58358-9758-4cb7-b213-7caeaa233342"><organizationName>TORCH Portal</organizationName><electronicMailAddress>jbest@brit.org</electronicMailAddress><onlineUrl>https://portal.torcherbaria.org/portal/index.php</onlineUrl></creator><metadataProvider><organizationName>TORCH Portal</organizationName><electronicMailAddress>jbest@brit.org</electronicMailAddress><onlineUrl>https://portal.torcherbaria.org/portal/index.php</onlineUrl></metadataProvider><pubDate>2021-03-04</pubDate><language>eng</language><abstract><para>The Baylor University Herbarium was officially founded in 1967 as part of the Department of Biology at Baylor University (BAYLU). Currently located on the 2nd floor, A-wing, of the Baylor Sciences Building, the herbarium was organized by Dr. Floyd F. Davidson in 1967, then chair of the department, with the first curator Ms. Fannie Mae Hurst-Windham. Much of the herbarium is dedicated to Texas flora, though with specimens included from Oklahoma, Louisiana, Central/South America, and China. The herbarium also houses over 200+ specimens from Lindheimer, specifically those specimens near New Braunfels and Comanche Spring. Dr. Walter Holmes, Professor Emeritus of Biology at Baylor University, is the most recent curator of the herbarium who has specialized in the genus Mikania (Asteraceae) with the herbarium containing several types specimens.</para></abstract><contact><organizationName>Baylor University Herbarium</organizationName><electronicMailAddress>Joseph_D_White@baylor.edu</electronicMailAddress><addr><deliveryPoint>Department of Biology, One Bear Place #97388</deliveryPoint><city>Waco</city><administrativeArea>Texas</administrativeArea><postalCode>76798</postalCode><country>United States</country></addr></contact><associatedParty><individualName><surName>Joseph White</surName><givenName></givenName></individualName><electronicMailAddress>Joseph_D_White@baylor.edu</electronicMailAddress><role>contentProvider</role></associatedParty><intellectualRights><para>To the extent possible under law, the publisher has waived all rights to these data and has dedicated them to the <ulink url="http://creativecommons.org/publicdomain/zero/1.0/"><citetitle></citetitle></ulink></para></intellectualRights></dataset><additionalMetadata><metadata><symbiota><dateStamp>2021-03-04T13:48:30-07:00</dateStamp><citation identifier="92d4aeb0-1c22-43b8-9256-0d18b2787c76">TORCH Portal - 92d4aeb0-1c22-43b8-9256-0d18b2787c76</citation><physical><characterEncoding>UTF-8</characterEncoding><dataFormat><externallyDefinedFormat><formatName>Darwin Core Archive</formatName></externallyDefinedFormat></dataFormat></physical><collection identifier="71d21ba0-06fc-4ed9-a473-449d68eadafa" id="463"><alternateIdentifier>https://portal.torcherbaria.org/portal/collections/misc/collprofiles.php?collid=463</alternateIdentifier><parentCollectionIdentifier>BAYLU</parentCollectionIdentifier><collectionIdentifier>BAYLU</collectionIdentifier><collectionName>Baylor University Herbarium</collectionName><resourceLogoUrl>https://portal.torcherbaria.org/portal/content/collicon/baylu-baylu.png</resourceLogoUrl><onlineUrl></onlineUrl><intellectualRights>http://creativecommons.org/publicdomain/zero/1.0/</intellectualRights><associatedParty><individualName><surName>Joseph White</surName><givenName></givenName></individualName><electronicMailAddress>Joseph_D_White@baylor.edu</electronicMailAddress></associatedParty><abstract><para>The Baylor University Herbarium was officially founded in 1967 as part of the Department of Biology at Baylor University (BAYLU). Currently located on the 2nd floor, A-wing, of the Baylor Sciences Building, the herbarium was organized by Dr. Floyd F. Davidson in 1967, then chair of the department, with the first curator Ms. Fannie Mae Hurst-Windham. Much of the herbarium is dedicated to Texas flora, though with specimens included from Oklahoma, Louisiana, Central/South America, and China. The herbarium also houses over 200+ specimens from Lindheimer, specifically those specimens near New Braunfels and Comanche Spring. Dr. Walter Holmes, Professor Emeritus of Biology at Baylor University, is the most recent curator of the herbarium who has specialized in the genus Mikania (Asteraceae) with the herbarium containing several types specimens.</para></abstract></collection></symbiota></metadata></additionalMetadata></eml:eml>
