<?xml version="1.0" encoding="UTF-8"?>
<eml:eml xmlns:eml="eml://ecoinformatics.org/eml-2.1.1" xmlns:dc="http://purl.org/dc/terms/" xmlns:xsi="http://www.w3.org/2001/XMLSchema-instance" xsi:schemaLocation="eml://ecoinformatics.org/eml-2.1.1 http://rs.gbif.org/schema/eml-gbif-profile/1.0.1/eml.xsd" packageId="7e9c77cc-2b35-48a8-b4f7-a98621bc91fe" system="https://symbiota.org" scope="system" xml:lang="eng"><dataset><alternateIdentifier>https://portal.torcherbaria.org/portal/collections/misc/collprofiles.php?collid=491</alternateIdentifier><title xml:lang="eng">Fort Worth Nature Center and Refuge Herbarium</title><creator id="3af58358-9758-4cb7-b213-7caeaa233342"><organizationName>TORCH Portal</organizationName><electronicMailAddress>jbest@brit.org</electronicMailAddress><onlineUrl>https://portal.torcherbaria.org/portal/index.php</onlineUrl></creator><metadataProvider><organizationName>TORCH Portal</organizationName><electronicMailAddress>jbest@brit.org</electronicMailAddress><onlineUrl>https://portal.torcherbaria.org/portal/index.php</onlineUrl></metadataProvider><pubDate>2021-03-04</pubDate><language>eng</language><abstract><para>At 3,621 acres, the Fort Worth Nature Center and Refuge is one of the largest city-owned nature centers in the United States. Created in the 1960s with the help of local citizens’ groups, the Center’s development built on earlier efforts to protect the watershed feeding the Lake Worth reservoir in the western portion of the Dallas-Fort Worth metroplex. Dora Sylvester, a science educator and naturalist who was a major force in the Center’s creation, understood the importance of herbaria in documenting past and present plant diversity at managed nature preserves, and established the FWNC herbarium. The herbarium started mainly with her own collections from the property and has been supplemented with vouchers from more recent vegetation studies, as well as those made by other volunteers, staff, and students from local universities. The herbarium additionally serves a role in the training of staff and volunteers, and also in the Center’s education programs for adults and school children.</para></abstract><contact><organizationName>Fort Worth Nature Center and Refuge Herbarium</organizationName><phone>817-392-7410</phone><electronicMailAddress>Robert.Denkhaus@fortworthtexas.gov</electronicMailAddress><onlineUrl>https://www.fwnaturecenter.org/</onlineUrl><addr><deliveryPoint>9601 Fossil Ridge Rd.</deliveryPoint><city>Fort Worth</city><administrativeArea>Texas</administrativeArea><postalCode>76135</postalCode><country>USA</country></addr></contact><associatedParty><individualName><surName>Denkhaus</surName><givenName>Rob</givenName></individualName><electronicMailAddress>Robert.Denkhaus@fortworthtexas.gov</electronicMailAddress><positionName>Nature Center Manager</positionName><role>contentProvider</role></associatedParty><intellectualRights><para>To the extent possible under law, the publisher has waived all rights to these data and has dedicated them to the <ulink url="http://creativecommons.org/licenses/by-nc/4.0/"><citetitle></citetitle></ulink></para></intellectualRights></dataset><additionalMetadata><metadata><symbiota><dateStamp>2021-03-04T13:49:18-07:00</dateStamp><citation identifier="3f49230a-a40d-4cfe-a8cb-b74a193014f9">TORCH Portal - 3f49230a-a40d-4cfe-a8cb-b74a193014f9</citation><physical><characterEncoding>UTF-8</characterEncoding><dataFormat><externallyDefinedFormat><formatName>Darwin Core Archive</formatName></externallyDefinedFormat></dataFormat></physical><collection identifier="9cbbb474-0dbd-4dce-8183-f2098acd5518" id="491"><alternateIdentifier>https://portal.torcherbaria.org/portal/collections/misc/collprofiles.php?collid=491</alternateIdentifier><parentCollectionIdentifier>FWNC</parentCollectionIdentifier><collectionIdentifier>FWNC</collectionIdentifier><collectionName>Fort Worth Nature Center and Refuge Herbarium</collectionName><resourceLogoUrl>https://portal.torcherbaria.org/portal/content/collicon/fwnc-fwnc.png</resourceLogoUrl><onlineUrl>https://www.fwnaturecenter.org/</onlineUrl><intellectualRights>http://creativecommons.org/licenses/by-nc/4.0/</intellectualRights><associatedParty><individualName><surName>Denkhaus</surName><givenName>Rob</givenName></individualName><electronicMailAddress>Robert.Denkhaus@fortworthtexas.gov</electronicMailAddress><positionName>Nature Center Manager</positionName></associatedParty><abstract><para>At 3,621 acres, the Fort Worth Nature Center and Refuge is one of the largest city-owned nature centers in the United States. Created in the 1960s with the help of local citizens’ groups, the Center’s development built on earlier efforts to protect the watershed feeding the Lake Worth reservoir in the western portion of the Dallas-Fort Worth metroplex. Dora Sylvester, a science educator and naturalist who was a major force in the Center’s creation, understood the importance of herbaria in documenting past and present plant diversity at managed nature preserves, and established the FWNC herbarium. The herbarium started mainly with her own collections from the property and has been supplemented with vouchers from more recent vegetation studies, as well as those made by other volunteers, staff, and students from local universities. The herbarium additionally serves a role in the training of staff and volunteers, and also in the Center’s education programs for adults and school children.</para></abstract></collection></symbiota></metadata></additionalMetadata></eml:eml>
