<?xml version="1.0" encoding="UTF-8"?>
<eml:eml xmlns:eml="eml://ecoinformatics.org/eml-2.1.1" xmlns:dc="http://purl.org/dc/terms/" xmlns:xsi="http://www.w3.org/2001/XMLSchema-instance" xsi:schemaLocation="eml://ecoinformatics.org/eml-2.1.1 http://rs.gbif.org/schema/eml-gbif-profile/1.0.1/eml.xsd" packageId="04ac65da-6f5f-4717-850f-9ff8c50e5c3e" system="https://symbiota.org" scope="system" xml:lang="eng"><dataset><alternateIdentifier>https://portal.torcherbaria.org/portal/collections/misc/collprofiles.php?collid=175</alternateIdentifier><title xml:lang="eng">Howard Payne University Herbarium</title><creator id="3af58358-9758-4cb7-b213-7caeaa233342"><organizationName>TORCH Portal</organizationName><electronicMailAddress>jbest@brit.org</electronicMailAddress><onlineUrl>https://portal.torcherbaria.org/portal/index.php</onlineUrl></creator><metadataProvider><organizationName>TORCH Portal</organizationName><electronicMailAddress>jbest@brit.org</electronicMailAddress><onlineUrl>https://portal.torcherbaria.org/portal/index.php</onlineUrl></metadataProvider><pubDate>2021-03-04</pubDate><language>eng</language><abstract><para>The Howard Payne University Herbarium was founded in 1965 and now includes about 60,000 specimens. It is particularly rich in specimens from Central Texas, particularly the Edwards Plateau, and Sonora and Baja Mexico, Mexico and has strong holdings of ferns from Texas. Its notable collectors include J.L. Blassingame, U.T. Waterfall, W.T. McCart, C.M. Rowell, Jr. and J. Stanford.</para></abstract><contact><organizationName>Howard Payne University Herbarium</organizationName><phone>325-649-8159</phone><electronicMailAddress>mmathis@hputx.edu</electronicMailAddress><onlineUrl>http://academics.hputx.edu/biology/herbarium/herbarium.htm</onlineUrl><addr><deliveryPoint>Howard Payne University, 1000 Fisk Avenue</deliveryPoint><city>Brownwood</city><administrativeArea>Texas</administrativeArea><postalCode>76801</postalCode><country>U.S.A.</country></addr></contact><associatedParty><individualName><surName>Dr. Marilyn Mathis</surName><givenName></givenName></individualName><electronicMailAddress>mmathis@hputx.edu</electronicMailAddress><role>contentProvider</role></associatedParty><intellectualRights><para>To the extent possible under law, the publisher has waived all rights to these data and has dedicated them to the <ulink url="http://creativecommons.org/licenses/by/3.0/"><citetitle></citetitle></ulink></para></intellectualRights></dataset><additionalMetadata><metadata><symbiota><dateStamp>2021-03-04T13:41:03-07:00</dateStamp><citation identifier="6b3527c8-6f53-4f46-95ad-fd7a1b35712e">TORCH Portal - 6b3527c8-6f53-4f46-95ad-fd7a1b35712e</citation><physical><characterEncoding>UTF-8</characterEncoding><dataFormat><externallyDefinedFormat><formatName>Darwin Core Archive</formatName></externallyDefinedFormat></dataFormat></physical><collection identifier="bee3f1bd-8944-4593-8c37-d64a7c9bc1e1" id="175"><alternateIdentifier>https://portal.torcherbaria.org/portal/collections/misc/collprofiles.php?collid=175</alternateIdentifier><parentCollectionIdentifier>HPC</parentCollectionIdentifier><collectionIdentifier></collectionIdentifier><collectionName>Howard Payne University Herbarium</collectionName><resourceLogoUrl>https://swbiodiversity.org/seinet/content/collicon/hpc.jpg</resourceLogoUrl><onlineUrl>http://academics.hputx.edu/biology/herbarium/herbarium.htm</onlineUrl><intellectualRights>http://creativecommons.org/licenses/by/3.0/</intellectualRights><additionalInfo>Howard Payne University</additionalInfo><associatedParty><individualName><surName>Dr. Marilyn Mathis</surName><givenName></givenName></individualName><electronicMailAddress>mmathis@hputx.edu</electronicMailAddress></associatedParty><abstract><para>The Howard Payne University Herbarium was founded in 1965 and now includes about 60,000 specimens. It is particularly rich in specimens from Central Texas, particularly the Edwards Plateau, and Sonora and Baja Mexico, Mexico and has strong holdings of ferns from Texas. Its notable collectors include J.L. Blassingame, U.T. Waterfall, W.T. McCart, C.M. Rowell, Jr. and J. Stanford.</para></abstract></collection></symbiota></metadata></additionalMetadata></eml:eml>
