<?xml version="1.0" encoding="UTF-8"?>
<eml:eml xmlns:eml="eml://ecoinformatics.org/eml-2.1.1" xmlns:dc="http://purl.org/dc/terms/" xmlns:xsi="http://www.w3.org/2001/XMLSchema-instance" xsi:schemaLocation="eml://ecoinformatics.org/eml-2.1.1 http://rs.gbif.org/schema/eml-gbif-profile/1.0.1/eml.xsd" packageId="10d6c653-ff5f-4bcc-9038-104e13bd7331" system="https://symbiota.org" scope="system" xml:lang="eng"><dataset><alternateIdentifier>https://portal.torcherbaria.org/portal/collections/misc/collprofiles.php?collid=158</alternateIdentifier><title xml:lang="eng">Tarleton State University Herbarium</title><creator id="3af58358-9758-4cb7-b213-7caeaa233342"><organizationName>TORCH Portal</organizationName><electronicMailAddress>jbest@brit.org</electronicMailAddress><onlineUrl>https://portal.torcherbaria.org/portal/index.php</onlineUrl></creator><metadataProvider><organizationName>TORCH Portal</organizationName><electronicMailAddress>jbest@brit.org</electronicMailAddress><onlineUrl>https://portal.torcherbaria.org/portal/index.php</onlineUrl></metadataProvider><pubDate>2021-03-04</pubDate><language>eng</language><abstract><para>The herbarium was founded in 1921 but most of the collections are recent. Our collection primarily represents the West Cross Timbers of Texas with the earliest work being a 1920s flora for Erath County, where the herbarium is located. Since that time, there have been many additions to the flora of the West Cross Timbers of Texas. We also have many voucher specimens from several ecological investigations in the region and from a floristic project at Padre Island National Seashore in southeast Texas.</para></abstract><contact><organizationName>Tarleton State University Herbarium</organizationName><phone>[1] (254) 968-9158</phone><electronicMailAddress>nelson@tarleton.edu</electronicMailAddress><onlineUrl>http://faculty.tarleton.edu/nelson/index.html</onlineUrl><addr><deliveryPoint>P.O. Box T-0100</deliveryPoint><city>Stephenville</city><administrativeArea>Texas</administrativeArea><postalCode>76402</postalCode><country>United States of America</country></addr></contact><associatedParty><individualName><surName>Allan Nelson</surName><givenName></givenName></individualName><electronicMailAddress>nelson@tarleton.edu</electronicMailAddress><role>contentProvider</role></associatedParty><intellectualRights><para>To the extent possible under law, the publisher has waived all rights to these data and has dedicated them to the <ulink url="http://creativecommons.org/publicdomain/zero/1.0/"><citetitle></citetitle></ulink></para></intellectualRights></dataset><additionalMetadata><metadata><symbiota><dateStamp>2021-03-04T13:40:59-07:00</dateStamp><citation identifier="2dd0063e-025e-49f5-ab2d-473e52e1da9f">TORCH Portal - 2dd0063e-025e-49f5-ab2d-473e52e1da9f</citation><physical><characterEncoding>UTF-8</characterEncoding><dataFormat><externallyDefinedFormat><formatName>Darwin Core Archive</formatName></externallyDefinedFormat></dataFormat></physical><collection identifier="209b99f2-2075-4d24-ad13-1c87cabdb857" id="158"><alternateIdentifier>https://portal.torcherbaria.org/portal/collections/misc/collprofiles.php?collid=158</alternateIdentifier><parentCollectionIdentifier>TAC</parentCollectionIdentifier><collectionIdentifier></collectionIdentifier><collectionName>Tarleton State University Herbarium</collectionName><resourceLogoUrl>https://swbiodiversity.org/seinet/content/collicon/tac.jpg</resourceLogoUrl><onlineUrl>http://faculty.tarleton.edu/nelson/index.html</onlineUrl><intellectualRights>http://creativecommons.org/publicdomain/zero/1.0/</intellectualRights><additionalInfo>Tarleton State University</additionalInfo><associatedParty><individualName><surName>Allan Nelson</surName><givenName></givenName></individualName><electronicMailAddress>nelson@tarleton.edu</electronicMailAddress></associatedParty><abstract><para>The herbarium was founded in 1921 but most of the collections are recent. Our collection primarily represents the West Cross Timbers of Texas with the earliest work being a 1920s flora for Erath County, where the herbarium is located. Since that time, there have been many additions to the flora of the West Cross Timbers of Texas. We also have many voucher specimens from several ecological investigations in the region and from a floristic project at Padre Island National Seashore in southeast Texas.</para></abstract></collection></symbiota></metadata></additionalMetadata></eml:eml>
