<?xml version="1.0" encoding="UTF-8"?>
<eml:eml xmlns:eml="eml://ecoinformatics.org/eml-2.1.1" xmlns:dc="http://purl.org/dc/terms/" xmlns:xsi="http://www.w3.org/2001/XMLSchema-instance" xsi:schemaLocation="eml://ecoinformatics.org/eml-2.1.1 http://rs.gbif.org/schema/eml-gbif-profile/1.0.1/eml.xsd" packageId="c2a05566-103d-48a1-8da9-267c20d70732" system="https://symbiota.org" scope="system" xml:lang="eng"><dataset><alternateIdentifier>https://portal.torcherbaria.org/portal/collections/misc/collprofiles.php?collid=354</alternateIdentifier><title xml:lang="eng">University of Texas at El Paso Biodiversity Collections Herbarium</title><creator id="3af58358-9758-4cb7-b213-7caeaa233342"><organizationName>TORCH Portal</organizationName><electronicMailAddress>jbest@brit.org</electronicMailAddress><onlineUrl>https://portal.torcherbaria.org/portal/index.php</onlineUrl></creator><metadataProvider><organizationName>TORCH Portal</organizationName><electronicMailAddress>jbest@brit.org</electronicMailAddress><onlineUrl>https://portal.torcherbaria.org/portal/index.php</onlineUrl></metadataProvider><pubDate>2021-03-04</pubDate><language>eng</language><abstract><para>The Herbarium contains well over 85,000 catalogued plant specimens. Overall geographic content of the Herbarium is approximately as follows: Texas, 24%; New Mexico, 22%; other USA, 32%; Mexico, 7%; other world, 15%. Herbarium materials at UTEP that are of special interest include an extensive representation of the floras of the desert mountain ranges of southern New Mexico and western Texas.</para></abstract><contact><organizationName>University of Texas at El Paso Biodiversity Collections Herbarium</organizationName><onlineUrl>https://www.utep.edu/biodiversity/collections/herbarium.html</onlineUrl><addr><deliveryPoint>500 West University Avenue</deliveryPoint><city>El Paso</city><administrativeArea>TX</administrativeArea><postalCode>79968</postalCode></addr></contact><associatedParty><individualName><surName>Vicky Zhuang (&lt;a href="mailto:mzhuang@utep.edu"&gt;mzhuang@utep.edu&lt;/a&gt;) and Michael Moody (&lt;a href="mailto:mlmoody@utep.edu"&gt;mlmoody@utep.edu&lt;/a&gt;) and Richard Worthington (&lt;a href="mailto:rworthin@utep.edu"&gt;rworthin@utep.edu&lt;/a&gt;)</surName></individualName><electronicMailAddress></electronicMailAddress><role>contentProvider</role></associatedParty><intellectualRights><para>To the extent possible under law, the publisher has waived all rights to these data and has dedicated them to the <ulink url="http://creativecommons.org/publicdomain/zero/1.0/"><citetitle></citetitle></ulink></para></intellectualRights></dataset><additionalMetadata><metadata><symbiota><dateStamp>2021-03-04T13:45:43-07:00</dateStamp><citation identifier="7135f41b-aa52-4667-8485-985ca52fd59c">TORCH Portal - 7135f41b-aa52-4667-8485-985ca52fd59c</citation><physical><characterEncoding>UTF-8</characterEncoding><dataFormat><externallyDefinedFormat><formatName>Darwin Core Archive</formatName></externallyDefinedFormat></dataFormat></physical><collection identifier="e7d46432-f08c-413d-8294-704fc99302d3" id="354"><alternateIdentifier>https://portal.torcherbaria.org/portal/collections/misc/collprofiles.php?collid=354</alternateIdentifier><parentCollectionIdentifier>UTEP</parentCollectionIdentifier><collectionIdentifier>Herb</collectionIdentifier><collectionName>University of Texas at El Paso Biodiversity Collections Herbarium</collectionName><resourceLogoUrl>https://swbiodiversity.org/seinet/content/collicon/utep-herb.jpg</resourceLogoUrl><onlineUrl>https://www.utep.edu/biodiversity/collections/herbarium.html</onlineUrl><intellectualRights>http://creativecommons.org/publicdomain/zero/1.0/</intellectualRights><additionalInfo>University of Texas at El Paso</additionalInfo><associatedParty><individualName><surName>Vicky Zhuang (&lt;a href="mailto:mzhuang@utep.edu"&gt;mzhuang@utep.edu&lt;/a&gt;) and Michael Moody (&lt;a href="mailto:mlmoody@utep.edu"&gt;mlmoody@utep.edu&lt;/a&gt;) and Richard Worthington (&lt;a href="mailto:rworthin@utep.edu"&gt;rworthin@utep.edu&lt;/a&gt;)</surName></individualName><electronicMailAddress></electronicMailAddress></associatedParty><abstract><para>The Herbarium contains well over 85,000 catalogued plant specimens. Overall geographic content of the Herbarium is approximately as follows: Texas, 24%; New Mexico, 22%; other USA, 32%; Mexico, 7%; other world, 15%. Herbarium materials at UTEP that are of special interest include an extensive representation of the floras of the desert mountain ranges of southern New Mexico and western Texas.</para></abstract></collection></symbiota></metadata></additionalMetadata></eml:eml>
