<?xml version="1.0" encoding="UTF-8"?>
<eml:eml xmlns:eml="eml://ecoinformatics.org/eml-2.1.1" xmlns:dc="http://purl.org/dc/terms/" xmlns:xsi="http://www.w3.org/2001/XMLSchema-instance" xsi:schemaLocation="eml://ecoinformatics.org/eml-2.1.1 http://rs.gbif.org/schema/eml-gbif-profile/1.0.1/eml.xsd" packageId="69abe673-560f-4042-93d1-24fb6a84b7cb" system="https://symbiota.org" scope="system" xml:lang="eng"><dataset><alternateIdentifier>https://portal.torcherbaria.org/portal/collections/misc/collprofiles.php?collid=474</alternateIdentifier><title xml:lang="eng">Angelo State University Herbarium</title><creator id="3af58358-9758-4cb7-b213-7caeaa233342"><organizationName>TORCH Portal</organizationName><electronicMailAddress>jbest@brit.org</electronicMailAddress><onlineUrl>https://portal.torcherbaria.org/portal/index.php</onlineUrl></creator><metadataProvider><organizationName>TORCH Portal</organizationName><electronicMailAddress>jbest@brit.org</electronicMailAddress><onlineUrl>https://portal.torcherbaria.org/portal/index.php</onlineUrl></metadataProvider><pubDate>2021-03-04</pubDate><language>eng</language><abstract><para>The ASU Herbarium is the largest component of the Angelo State Natural History Collections (ASNHC) and comprises about 80,000 plant specimens, with significant holdings in the Poaceae and Cyperaceae families. It is the eighth-largest herbarium in Texas, and represents the most complete floristic inventory of the Concho Valley region. In addition, the Herbarium serves as a permanent depository for voucher specimens for floristic surveys of several unique areas in West Texas, including Big Bend National Park, Texas Nature Conservancy Big Brushy Canyon, and Texas Nature Conservancy Independence Creek. Specimens from several ecological and systematic studies of rare plants are also housed in our collection. Glenn Casey started the Herbarium in the 1940s. At that time, it was called the Goodman Herbarium, in honor of the late Oklahoma botanist, Dr. George Goodman. The collection languished briefly in the late 1960s after Casey’s departure and during ASU’s transition from the two-year San Angelo College to Angelo State University. It was revitalized in 1972 with the arrival of Dr. Chester Rowell Jr., who served as curator until his retirement in 1987. At that time, Dr. Bonnie Amos became curator, and she remains in that position to this day. The ASU Herbarium invites review of specimen identification--please contact the Collections Manager with any suggested updates to listed taxonomy.</para></abstract><contact><organizationName>Angelo State University Herbarium</organizationName><electronicMailAddress>bonnie.amos@angelo.edu</electronicMailAddress><onlineUrl>https://www.angelo.edu/content/profiles/5160-herbarium/Templates/profiles-asnhc</onlineUrl></contact><associatedParty><individualName><surName>Amos</surName><givenName>Bonnie</givenName></individualName><electronicMailAddress>bonnie.amos@angelo.edu</electronicMailAddress><positionName>Curator</positionName><role>contentProvider</role></associatedParty><associatedParty><individualName><surName>Krejsa</surName><givenName>Dianna</givenName></individualName><positionName>Collection Manager</positionName><electronicMailAddress>ianna.krejsa@angelo.edu</electronicMailAddress><role>contentProvider</role></associatedParty><intellectualRights><para>To the extent possible under law, the publisher has waived all rights to these data and has dedicated them to the <ulink url="http://creativecommons.org/licenses/by-nc/4.0/"><citetitle></citetitle></ulink></para></intellectualRights></dataset><additionalMetadata><metadata><symbiota><dateStamp>2021-03-04T13:48:59-07:00</dateStamp><citation identifier="32cf87e3-1b3f-406e-91c8-cf5489e95837">TORCH Portal - 32cf87e3-1b3f-406e-91c8-cf5489e95837</citation><physical><characterEncoding>UTF-8</characterEncoding><dataFormat><externallyDefinedFormat><formatName>Darwin Core Archive</formatName></externallyDefinedFormat></dataFormat></physical><collection identifier="1b1022c0-6a5b-4791-8beb-bf9d7c63fd89" id="474"><alternateIdentifier>https://portal.torcherbaria.org/portal/collections/misc/collprofiles.php?collid=474</alternateIdentifier><parentCollectionIdentifier>SAT</parentCollectionIdentifier><collectionIdentifier></collectionIdentifier><collectionName>Angelo State University Herbarium</collectionName><resourceLogoUrl>https://portal.torcherbaria.org/portal/content/collicon/sat.png</resourceLogoUrl><onlineUrl>https://www.angelo.edu/content/profiles/5160-herbarium/Templates/profiles-asnhc</onlineUrl><intellectualRights>http://creativecommons.org/licenses/by-nc/4.0/</intellectualRights><associatedParty><individualName><surName>Amos</surName><givenName>Bonnie</givenName></individualName><electronicMailAddress>bonnie.amos@angelo.edu</electronicMailAddress><positionName>Curator</positionName></associatedParty><associatedParty><individualName><surName>Krejsa</surName><givenName>Dianna</givenName></individualName><positionName>Collection Manager</positionName><electronicMailAddress>ianna.krejsa@angelo.edu</electronicMailAddress></associatedParty><abstract><para>The ASU Herbarium is the largest component of the Angelo State Natural History Collections (ASNHC) and comprises about 80,000 plant specimens, with significant holdings in the Poaceae and Cyperaceae families. It is the eighth-largest herbarium in Texas, and represents the most complete floristic inventory of the Concho Valley region. In addition, the Herbarium serves as a permanent depository for voucher specimens for floristic surveys of several unique areas in West Texas, including Big Bend National Park, Texas Nature Conservancy Big Brushy Canyon, and Texas Nature Conservancy Independence Creek. Specimens from several ecological and systematic studies of rare plants are also housed in our collection. Glenn Casey started the Herbarium in the 1940s. At that time, it was called the Goodman Herbarium, in honor of the late Oklahoma botanist, Dr. George Goodman. The collection languished briefly in the late 1960s after Casey’s departure and during ASU’s transition from the two-year San Angelo College to Angelo State University. It was revitalized in 1972 with the arrival of Dr. Chester Rowell Jr., who served as curator until his retirement in 1987. At that time, Dr. Bonnie Amos became curator, and she remains in that position to this day. The ASU Herbarium invites review of specimen identification--please contact the Collections Manager with any suggested updates to listed taxonomy.</para></abstract></collection></symbiota></metadata></additionalMetadata></eml:eml>
