<?xml version="1.0" encoding="UTF-8"?>
<eml:eml xmlns:eml="eml://ecoinformatics.org/eml-2.1.1" xmlns:dc="http://purl.org/dc/terms/" xmlns:xsi="http://www.w3.org/2001/XMLSchema-instance" xsi:schemaLocation="eml://ecoinformatics.org/eml-2.1.1 http://rs.gbif.org/schema/eml-gbif-profile/1.0.1/eml.xsd" packageId="ceaacc3c-c14a-456a-8a9c-4ba894b8d692" system="https://symbiota.org" scope="system" xml:lang="eng"><dataset><alternateIdentifier>https://portal.torcherbaria.org/portal/collections/misc/collprofiles.php?collid=365</alternateIdentifier><title xml:lang="eng">Lundell Herbarium at the University of Texas at Austin</title><creator id="3af58358-9758-4cb7-b213-7caeaa233342"><organizationName>TORCH Portal</organizationName><electronicMailAddress>jbest@brit.org</electronicMailAddress><onlineUrl>https://portal.torcherbaria.org/portal/index.php</onlineUrl></creator><metadataProvider><organizationName>TORCH Portal</organizationName><electronicMailAddress>jbest@brit.org</electronicMailAddress><onlineUrl>https://portal.torcherbaria.org/portal/index.php</onlineUrl></metadataProvider><pubDate>2021-03-04</pubDate><language>eng</language><abstract><para>The Lundell Herbarium (LL) is part of the Billie L. Turner Plant Resources Center, which houses the combined herbaria of the University of Texas Herbarium (TEX) and the Lundell Herbarium; the combined PRC collections include over one million specimens from all parts of the world and represent the 13th largest herbarium in the United States. The two herbaria (TEX and LL) are completely integrated and interfiled, although each sheet is marked as to its herbarium and should be cited as such. The Lundell Herbarium itself includes material amassed by Cyrus L. Lundell, who botanically explored portions of northern Central America and was the first and only director of the Texas Research Foundation of Renner, Texas, from 1946 until its dissolution in 1972. The Lundell Herbarium (LL) includes material collected through the Texas Research Foundation and other personal collections of Dr. Lundell collected in Mexico and Central America; some of these specimens formed part of the University of Texas at Dallas herbarium (referred to by the acronym UTD), where Lundell conducted research after the dissolution of the Texas Research Foundation, but all were combined into the the Lundell Herbarium (LL) when he donated the collection to the Plant Resources Center in the 1970s and 1980s. LL includes over 300,000 specimens and is especially rich in plants of Texas, the Yucatán Peninsula of Mexico, Guatemala, and Belize, as well as in the plant families of Lundell’s primary interest, especially Myrsinaceae and Celastraceae. No new material is being accessioned into LL.</para></abstract><contact><organizationName>Lundell Herbarium at the University of Texas at Austin</organizationName><phone>512-471-5904</phone><electronicMailAddress>george.yatskievych@austin.utexas.edu</electronicMailAddress><onlineUrl>https://biodiversity.utexas.edu/resources/collections/plants</onlineUrl><addr><deliveryPoint>Main Bldg, Rm 127, 110 Inner Campus Dr, Stop F0404</deliveryPoint><city>Austin</city><administrativeArea>TX</administrativeArea><postalCode>78712-1711</postalCode><country>USA</country></addr></contact><associatedParty><individualName><surName>George Yatskievych</surName><givenName></givenName></individualName><electronicMailAddress>george.yatskievych@austin.utexas.edu</electronicMailAddress><role>contentProvider</role></associatedParty><intellectualRights><para>To the extent possible under law, the publisher has waived all rights to these data and has dedicated them to the <ulink url="http://creativecommons.org/publicdomain/zero/1.0/"><citetitle></citetitle></ulink></para></intellectualRights></dataset><additionalMetadata><metadata><symbiota><dateStamp>2021-03-04T13:45:56-07:00</dateStamp><citation identifier="32e79f36-f776-4ccc-9102-7fdb4c451729">TORCH Portal - 32e79f36-f776-4ccc-9102-7fdb4c451729</citation><physical><characterEncoding>UTF-8</characterEncoding><dataFormat><externallyDefinedFormat><formatName>Darwin Core Archive</formatName></externallyDefinedFormat></dataFormat></physical><collection identifier="3433d090-b098-4832-92ff-06b8c4b2edfd" id="365"><alternateIdentifier>https://portal.torcherbaria.org/portal/collections/misc/collprofiles.php?collid=365</alternateIdentifier><parentCollectionIdentifier>LL</parentCollectionIdentifier><collectionIdentifier></collectionIdentifier><collectionName>Lundell Herbarium at the University of Texas at Austin</collectionName><resourceLogoUrl>https://portal.torcherbaria.org/portal/content/collicon/ll.gif</resourceLogoUrl><onlineUrl>https://biodiversity.utexas.edu/resources/collections/plants</onlineUrl><intellectualRights>http://creativecommons.org/publicdomain/zero/1.0/</intellectualRights><associatedParty><individualName><surName>George Yatskievych</surName><givenName></givenName></individualName><electronicMailAddress>george.yatskievych@austin.utexas.edu</electronicMailAddress></associatedParty><abstract><para>The Lundell Herbarium (LL) is part of the Billie L. Turner Plant Resources Center, which houses the combined herbaria of the University of Texas Herbarium (TEX) and the Lundell Herbarium; the combined PRC collections include over one million specimens from all parts of the world and represent the 13th largest herbarium in the United States. The two herbaria (TEX and LL) are completely integrated and interfiled, although each sheet is marked as to its herbarium and should be cited as such. The Lundell Herbarium itself includes material amassed by Cyrus L. Lundell, who botanically explored portions of northern Central America and was the first and only director of the Texas Research Foundation of Renner, Texas, from 1946 until its dissolution in 1972. The Lundell Herbarium (LL) includes material collected through the Texas Research Foundation and other personal collections of Dr. Lundell collected in Mexico and Central America; some of these specimens formed part of the University of Texas at Dallas herbarium (referred to by the acronym UTD), where Lundell conducted research after the dissolution of the Texas Research Foundation, but all were combined into the the Lundell Herbarium (LL) when he donated the collection to the Plant Resources Center in the 1970s and 1980s. LL includes over 300,000 specimens and is especially rich in plants of Texas, the Yucatán Peninsula of Mexico, Guatemala, and Belize, as well as in the plant families of Lundell’s primary interest, especially Myrsinaceae and Celastraceae. No new material is being accessioned into LL.</para></abstract></collection></symbiota></metadata></additionalMetadata></eml:eml>
