<?xml version="1.0" encoding="UTF-8"?>
<eml:eml xmlns:eml="eml://ecoinformatics.org/eml-2.1.1" xmlns:dc="http://purl.org/dc/terms/" xmlns:xsi="http://www.w3.org/2001/XMLSchema-instance" xsi:schemaLocation="eml://ecoinformatics.org/eml-2.1.1 http://rs.gbif.org/schema/eml-gbif-profile/1.0.1/eml.xsd" packageId="79bf4145-f4e9-4393-977a-12068f1fe8f9" system="https://symbiota.org" scope="system" xml:lang="eng"><dataset><alternateIdentifier>https://portal.torcherbaria.org/portal/collections/misc/collprofiles.php?collid=370</alternateIdentifier><title xml:lang="eng">Botanical Research Institute of Texas, Philecology Herbarium</title><creator id="3af58358-9758-4cb7-b213-7caeaa233342"><organizationName>TORCH Portal</organizationName><electronicMailAddress>jbest@brit.org</electronicMailAddress><onlineUrl>https://portal.torcherbaria.org/portal/index.php</onlineUrl></creator><metadataProvider><organizationName>TORCH Portal</organizationName><electronicMailAddress>jbest@brit.org</electronicMailAddress><onlineUrl>https://portal.torcherbaria.org/portal/index.php</onlineUrl></metadataProvider><pubDate>2021-03-04</pubDate><language>eng</language><contact><organizationName>Botanical Research Institute of Texas, Philecology Herbarium</organizationName><phone>817-332-4441</phone><electronicMailAddress>trehman@brit.org</electronicMailAddress><onlineUrl>http://www.brit.org</onlineUrl><addr><deliveryPoint>1700 University Drive</deliveryPoint><city>Fort Worth</city><administrativeArea>TX</administrativeArea><postalCode>76107-3400</postalCode><country>USA</country></addr></contact><associatedParty><individualName><surName>Tiana Rehman</surName><givenName></givenName></individualName><electronicMailAddress>trehman@brit.org</electronicMailAddress><role>contentProvider</role></associatedParty><intellectualRights><para>To the extent possible under law, the publisher has waived all rights to these data and has dedicated them to the <ulink url="http://creativecommons.org/licenses/by/4.0/"><citetitle></citetitle></ulink></para></intellectualRights></dataset><additionalMetadata><metadata><symbiota><dateStamp>2021-03-04T13:48:01-07:00</dateStamp><citation identifier="b167505b-770f-4322-a88d-2205fdd2779a">TORCH Portal - b167505b-770f-4322-a88d-2205fdd2779a</citation><physical><characterEncoding>UTF-8</characterEncoding><dataFormat><externallyDefinedFormat><formatName>Darwin Core Archive</formatName></externallyDefinedFormat></dataFormat></physical><collection identifier="fea81a47-2365-45cc-bef9-b6bbff7457e6" id="370"><alternateIdentifier>https://portal.torcherbaria.org/portal/collections/misc/collprofiles.php?collid=370</alternateIdentifier><parentCollectionIdentifier>BRIT</parentCollectionIdentifier><collectionIdentifier></collectionIdentifier><collectionName>Botanical Research Institute of Texas, Philecology Herbarium</collectionName><resourceLogoUrl>https://portal.torcherbaria.org/portal/content/collicon/brit.png</resourceLogoUrl><onlineUrl>http://www.brit.org</onlineUrl><intellectualRights>http://creativecommons.org/licenses/by/4.0/</intellectualRights><additionalInfo>Botanical Research Institute of Texas</additionalInfo><abstract></abstract><associatedParty><individualName><surName>Tiana Rehman</surName><givenName></givenName></individualName><electronicMailAddress>trehman@brit.org</electronicMailAddress></associatedParty></collection></symbiota></metadata></additionalMetadata></eml:eml>
