<?xml version="1.0" encoding="UTF-8"?>
<eml:eml xmlns:eml="eml://ecoinformatics.org/eml-2.1.1" xmlns:dc="http://purl.org/dc/terms/" xmlns:xsi="http://www.w3.org/2001/XMLSchema-instance" xsi:schemaLocation="eml://ecoinformatics.org/eml-2.1.1 http://rs.gbif.org/schema/eml-gbif-profile/1.0.1/eml.xsd" packageId="7902fbbc-3ff3-4ec9-8e29-4ac9384c884c" system="https://symbiota.org" scope="system" xml:lang="eng"><dataset><alternateIdentifier>https://portal.torcherbaria.org/portal/collections/misc/collprofiles.php?collid=264</alternateIdentifier><title xml:lang="eng">Vanderbilt University Herbarium</title><creator id="3af58358-9758-4cb7-b213-7caeaa233342"><organizationName>TORCH Portal</organizationName><electronicMailAddress>jbest@brit.org</electronicMailAddress><onlineUrl>https://portal.torcherbaria.org/portal/index.php</onlineUrl></creator><metadataProvider><organizationName>TORCH Portal</organizationName><electronicMailAddress>jbest@brit.org</electronicMailAddress><onlineUrl>https://portal.torcherbaria.org/portal/index.php</onlineUrl></metadataProvider><pubDate>2021-03-04</pubDate><language>eng</language><contact><organizationName>Vanderbilt University Herbarium</organizationName><phone>817-332-4441</phone><electronicMailAddress>herbarium@brit.org</electronicMailAddress><onlineUrl>http://www.brit.org/departments/herbarium</onlineUrl><addr><deliveryPoint>1700 University Drive</deliveryPoint><city>Fort Worth</city><administrativeArea>TX</administrativeArea><postalCode>76107-3400</postalCode><country>USA</country></addr></contact><associatedParty><individualName><surName>Tiana Rehman</surName><givenName></givenName></individualName><electronicMailAddress>herbarium@brit.org</electronicMailAddress><role>contentProvider</role></associatedParty><intellectualRights><para>To the extent possible under law, the publisher has waived all rights to these data and has dedicated them to the <ulink url="http://creativecommons.org/licenses/by-nc/3.0/"><citetitle></citetitle></ulink></para></intellectualRights></dataset><additionalMetadata><metadata><symbiota><dateStamp>2021-03-04T13:42:57-07:00</dateStamp><citation identifier="ad629953-762c-4985-b507-afd9c40b021c">TORCH Portal - ad629953-762c-4985-b507-afd9c40b021c</citation><physical><characterEncoding>UTF-8</characterEncoding><dataFormat><externallyDefinedFormat><formatName>Darwin Core Archive</formatName></externallyDefinedFormat></dataFormat></physical><collection identifier="9bec1885-8556-470e-80f3-f31ed15228b0" id="264"><alternateIdentifier>https://portal.torcherbaria.org/portal/collections/misc/collprofiles.php?collid=264</alternateIdentifier><parentCollectionIdentifier>VDB</parentCollectionIdentifier><collectionIdentifier></collectionIdentifier><collectionName>Vanderbilt University Herbarium</collectionName><resourceLogoUrl>https://portal.torcherbaria.org/portal/content/collicon/vdb.jpg</resourceLogoUrl><onlineUrl>http://www.brit.org/departments/herbarium</onlineUrl><intellectualRights>http://creativecommons.org/licenses/by-nc/3.0/</intellectualRights><abstract></abstract><associatedParty><individualName><surName>Tiana Rehman</surName><givenName></givenName></individualName><electronicMailAddress>herbarium@brit.org</electronicMailAddress></associatedParty></collection></symbiota></metadata></additionalMetadata></eml:eml>
