<?xml version="1.0" encoding="UTF-8"?>
<eml:eml xmlns:eml="eml://ecoinformatics.org/eml-2.1.1" xmlns:dc="http://purl.org/dc/terms/" xmlns:xsi="http://www.w3.org/2001/XMLSchema-instance" xsi:schemaLocation="eml://ecoinformatics.org/eml-2.1.1 http://rs.gbif.org/schema/eml-gbif-profile/1.0.1/eml.xsd" packageId="f45696a7-27c8-43e6-adb6-676837d675f6" system="https://symbiota.org" scope="system" xml:lang="eng"><dataset><alternateIdentifier>https://portal.torcherbaria.org/portal/collections/misc/collprofiles.php?collid=223</alternateIdentifier><title xml:lang="eng">Sul Ross University A. Michael Powell Herbarium</title><creator id="3af58358-9758-4cb7-b213-7caeaa233342"><organizationName>TORCH Portal</organizationName><electronicMailAddress>jbest@brit.org</electronicMailAddress><onlineUrl>https://portal.torcherbaria.org/portal/index.php</onlineUrl></creator><metadataProvider><organizationName>TORCH Portal</organizationName><electronicMailAddress>jbest@brit.org</electronicMailAddress><onlineUrl>https://portal.torcherbaria.org/portal/index.php</onlineUrl></metadataProvider><pubDate>2021-03-04</pubDate><language>eng</language><abstract><para>The herbarium occupies one wing of the Warnock Science Building. There are approximately 100,000 specimens housed in 112 cases. The major collections include plants of Trans-Pecos Texas, which forms the largest part of the northern part of the Chihuahuan Desert Region in the United States. It is a prominent regional research collection that is available to botanists around the world and is also a valuable teaching facility for both graduate and undergraduate students interested in various botanical disciplines or in wildlife biology. The first significant collections are those made by O.E. Sperry in 1935-1946. The physical herbarium was probably started by L.C. Hinkley but B.H. Warnock was responsible for the largest early collection of plants and major development of the herbarium as a research facility. Another major contributor was M.C Johnston. More recently, the herbarium has grown through the efforts of A.M. Powell, in whose honor the university renamed the herbarium in 2003.</para></abstract><contact><organizationName>Sul Ross University A. Michael Powell Herbarium</organizationName><electronicMailAddress>ampowell@sulross.edu</electronicMailAddress><onlineUrl>http://www.sulross.edu/page/1009/biology-collections</onlineUrl></contact><associatedParty><individualName><surName>A. Michael Powell</surName><givenName></givenName></individualName><electronicMailAddress>ampowell@sulross.edu</electronicMailAddress><role>contentProvider</role></associatedParty><intellectualRights><para>To the extent possible under law, the publisher has waived all rights to these data and has dedicated them to the <ulink url="http://creativecommons.org/licenses/by-nc/3.0/"><citetitle></citetitle></ulink></para></intellectualRights></dataset><additionalMetadata><metadata><symbiota><dateStamp>2021-03-04T13:41:16-07:00</dateStamp><citation identifier="26acca29-1a71-41f7-94d2-afb0a00a7f71">TORCH Portal - 26acca29-1a71-41f7-94d2-afb0a00a7f71</citation><physical><characterEncoding>UTF-8</characterEncoding><dataFormat><externallyDefinedFormat><formatName>Darwin Core Archive</formatName></externallyDefinedFormat></dataFormat></physical><collection identifier="b18db63b-13de-4aa8-b16a-615f312e66df" id="223"><alternateIdentifier>https://portal.torcherbaria.org/portal/collections/misc/collprofiles.php?collid=223</alternateIdentifier><parentCollectionIdentifier>SRSC</parentCollectionIdentifier><collectionIdentifier></collectionIdentifier><collectionName>Sul Ross University A. Michael Powell Herbarium</collectionName><resourceLogoUrl>https://sernecportal.org/portal/content/collicon/srsc.jpg</resourceLogoUrl><onlineUrl>http://www.sulross.edu/page/1009/biology-collections</onlineUrl><intellectualRights>http://creativecommons.org/licenses/by-nc/3.0/</intellectualRights><additionalInfo>Sul Ross University</additionalInfo><associatedParty><individualName><surName>A. Michael Powell</surName><givenName></givenName></individualName><electronicMailAddress>ampowell@sulross.edu</electronicMailAddress></associatedParty><abstract><para>The herbarium occupies one wing of the Warnock Science Building. There are approximately 100,000 specimens housed in 112 cases. The major collections include plants of Trans-Pecos Texas, which forms the largest part of the northern part of the Chihuahuan Desert Region in the United States. It is a prominent regional research collection that is available to botanists around the world and is also a valuable teaching facility for both graduate and undergraduate students interested in various botanical disciplines or in wildlife biology. The first significant collections are those made by O.E. Sperry in 1935-1946. The physical herbarium was probably started by L.C. Hinkley but B.H. Warnock was responsible for the largest early collection of plants and major development of the herbarium as a research facility. Another major contributor was M.C Johnston. More recently, the herbarium has grown through the efforts of A.M. Powell, in whose honor the university renamed the herbarium in 2003.</para></abstract></collection></symbiota></metadata></additionalMetadata></eml:eml>
