<?xml version="1.0" encoding="UTF-8"?>
<eml:eml xmlns:eml="eml://ecoinformatics.org/eml-2.1.1" xmlns:dc="http://purl.org/dc/terms/" xmlns:xsi="http://www.w3.org/2001/XMLSchema-instance" xsi:schemaLocation="eml://ecoinformatics.org/eml-2.1.1 http://rs.gbif.org/schema/eml-gbif-profile/1.0.1/eml.xsd" packageId="6e1c612b-ef89-4a8d-99bb-8b72f6692d37" system="https://symbiota.org" scope="system" xml:lang="eng"><dataset><alternateIdentifier>https://portal.torcherbaria.org/portal/collections/misc/collprofiles.php?collid=473</alternateIdentifier><title xml:lang="eng">University of Oklahoma, Robert Bebb Herbarium</title><creator id="3af58358-9758-4cb7-b213-7caeaa233342"><organizationName>TORCH Portal</organizationName><electronicMailAddress>jbest@brit.org</electronicMailAddress><onlineUrl>https://portal.torcherbaria.org/portal/index.php</onlineUrl></creator><metadataProvider><organizationName>TORCH Portal</organizationName><electronicMailAddress>jbest@brit.org</electronicMailAddress><onlineUrl>https://portal.torcherbaria.org/portal/index.php</onlineUrl></metadataProvider><pubDate>2021-03-04</pubDate><language>eng</language><abstract><para>The Robert Bebb Herbarium at the University of Oklahoma is jointly administered by the Department of Microbiology and Plant Biology and the Oklahoma Biological Survey. Collections were established soon after OU's inception in 1890, but these were lost in a 1903 fire that destroyed the University. Efforts to re-establish the collection were commenced shortly after this loss, and today the collection includes approximately 250,000 specimens. These are primarily vascular plants from Oklahoma and the Great Plains region. Major contributors to the collections include B.F. Bush, G.W. Stevens, C.S. Wallis, U.T. Waterfall, and G.J. Goodman, who also served as curator from 1933-1936 and 1945-1975. The herbarium was named for Robert Bebb, an Oklahoma florist and amateur botanist who bequeathed his large private herbarium to the university.</para></abstract><contact><organizationName>University of Oklahoma, Robert Bebb Herbarium</organizationName><electronicMailAddress>amybuthod@ou.edu</electronicMailAddress><onlineUrl>https://biosurvey.ou.edu/bebb/</onlineUrl><addr><deliveryPoint>Room 206 George Lynn Cross Hall, 770 Van Vleet Oval</deliveryPoint><city>Norman</city><administrativeArea>Oklahoma</administrativeArea><postalCode>73019</postalCode><country>USA</country></addr></contact><associatedParty><individualName><surName>Amy K. Buthod, Collections Manager</surName><givenName></givenName></individualName><electronicMailAddress>amybuthod@ou.edu</electronicMailAddress><role>contentProvider</role></associatedParty><intellectualRights><para>To the extent possible under law, the publisher has waived all rights to these data and has dedicated them to the <ulink url="http://creativecommons.org/licenses/by/4.0/"><citetitle></citetitle></ulink></para></intellectualRights></dataset><additionalMetadata><metadata><symbiota><dateStamp>2021-03-04T13:48:35-07:00</dateStamp><citation identifier="c17bca25-4ee5-4002-b066-dfe08d4416c2">TORCH Portal - c17bca25-4ee5-4002-b066-dfe08d4416c2</citation><physical><characterEncoding>UTF-8</characterEncoding><dataFormat><externallyDefinedFormat><formatName>Darwin Core Archive</formatName></externallyDefinedFormat></dataFormat></physical><collection identifier="ee375191-fabb-4bc6-8180-ede944cd1edf" id="473"><alternateIdentifier>https://portal.torcherbaria.org/portal/collections/misc/collprofiles.php?collid=473</alternateIdentifier><parentCollectionIdentifier>OKL</parentCollectionIdentifier><collectionIdentifier></collectionIdentifier><collectionName>University of Oklahoma, Robert Bebb Herbarium</collectionName><resourceLogoUrl>https://portal.torcherbaria.org/portal/content/collicon/okl.png</resourceLogoUrl><onlineUrl>https://biosurvey.ou.edu/bebb/</onlineUrl><intellectualRights>http://creativecommons.org/licenses/by/4.0/</intellectualRights><additionalInfo>University of Oklahoma Board of Regents</additionalInfo><associatedParty><individualName><surName>Amy K. Buthod, Collections Manager</surName><givenName></givenName></individualName><electronicMailAddress>amybuthod@ou.edu</electronicMailAddress></associatedParty><abstract><para>The Robert Bebb Herbarium at the University of Oklahoma is jointly administered by the Department of Microbiology and Plant Biology and the Oklahoma Biological Survey. Collections were established soon after OU's inception in 1890, but these were lost in a 1903 fire that destroyed the University. Efforts to re-establish the collection were commenced shortly after this loss, and today the collection includes approximately 250,000 specimens. These are primarily vascular plants from Oklahoma and the Great Plains region. Major contributors to the collections include B.F. Bush, G.W. Stevens, C.S. Wallis, U.T. Waterfall, and G.J. Goodman, who also served as curator from 1933-1936 and 1945-1975. The herbarium was named for Robert Bebb, an Oklahoma florist and amateur botanist who bequeathed his large private herbarium to the university.</para></abstract></collection></symbiota></metadata></additionalMetadata></eml:eml>
