<?xml version="1.0" encoding="UTF-8"?>
<eml:eml xmlns:eml="eml://ecoinformatics.org/eml-2.1.1" xmlns:dc="http://purl.org/dc/terms/" xmlns:xsi="http://www.w3.org/2001/XMLSchema-instance" xsi:schemaLocation="eml://ecoinformatics.org/eml-2.1.1 http://rs.gbif.org/schema/eml-gbif-profile/1.0.1/eml.xsd" packageId="2d797731-409a-471e-a2c1-5da424a9054a" system="https://symbiota.org" scope="system" xml:lang="eng"><dataset><alternateIdentifier>https://portal.torcherbaria.org/portal/collections/misc/collprofiles.php?collid=475</alternateIdentifier><title xml:lang="eng">Texas A&amp;M University, S.M. Tracy Herbarium</title><creator id="3af58358-9758-4cb7-b213-7caeaa233342"><organizationName>TORCH Portal</organizationName><electronicMailAddress>jbest@brit.org</electronicMailAddress><onlineUrl>https://portal.torcherbaria.org/portal/index.php</onlineUrl></creator><metadataProvider><organizationName>TORCH Portal</organizationName><electronicMailAddress>jbest@brit.org</electronicMailAddress><onlineUrl>https://portal.torcherbaria.org/portal/index.php</onlineUrl></metadataProvider><pubDate>2021-03-04</pubDate><language>eng</language><abstract><para>The Tracy Herbarium is the third largest herbarium in Texas and includes specimens from every continent with a significant emphasis in Texas, the southern United States, Mexico, and the Caribbean. TAES maintains one of the largest collections of grasses in the southern US and has ample representation from most vascular plant families.  In addition, the herbarium contains substantial collections of non-vascular plants, and the largest collection of fungi in the state. The collection currently houses nearly 360,000 specimens and adds approximately 2500-3000 new accessions per year.  The type collection at TAES consists of 199 specimens, of which 130 are Poaceae, 19 Asteraceae, 17 Cyperaceae, and an additional 15 holotypes.</para></abstract><contact><organizationName>Texas A&amp;M University, S.M. Tracy Herbarium</organizationName><electronicMailAddress>dspalink@tamu.edu</electronicMailAddress><onlineUrl>tracyherbarium.tamu.edu</onlineUrl></contact><associatedParty><individualName><surName>Daniel Spalink</surName><givenName></givenName></individualName><electronicMailAddress>dspalink@tamu.edu</electronicMailAddress><role>contentProvider</role></associatedParty><intellectualRights><para>To the extent possible under law, the publisher has waived all rights to these data and has dedicated them to the <ulink url="http://creativecommons.org/licenses/by-nc/4.0/"><citetitle></citetitle></ulink></para></intellectualRights></dataset><additionalMetadata><metadata><symbiota><dateStamp>2021-03-04T13:49:11-07:00</dateStamp><citation identifier="b6fa741b-0924-4fa2-96f8-9c1c3c128786">TORCH Portal - b6fa741b-0924-4fa2-96f8-9c1c3c128786</citation><physical><characterEncoding>UTF-8</characterEncoding><dataFormat><externallyDefinedFormat><formatName>Darwin Core Archive</formatName></externallyDefinedFormat></dataFormat></physical><collection identifier="7f93b3c9-5a83-4ed8-82b2-d041db9e5fd4" id="475"><alternateIdentifier>https://portal.torcherbaria.org/portal/collections/misc/collprofiles.php?collid=475</alternateIdentifier><parentCollectionIdentifier>TAES</parentCollectionIdentifier><collectionIdentifier></collectionIdentifier><collectionName>Texas A&amp;M University, S.M. Tracy Herbarium</collectionName><resourceLogoUrl>https://portal.torcherbaria.org/portal/content/collicon/taes.png</resourceLogoUrl><onlineUrl>tracyherbarium.tamu.edu</onlineUrl><intellectualRights>http://creativecommons.org/licenses/by-nc/4.0/</intellectualRights><associatedParty><individualName><surName>Daniel Spalink</surName><givenName></givenName></individualName><electronicMailAddress>dspalink@tamu.edu</electronicMailAddress></associatedParty><abstract><para>The Tracy Herbarium is the third largest herbarium in Texas and includes specimens from every continent with a significant emphasis in Texas, the southern United States, Mexico, and the Caribbean. TAES maintains one of the largest collections of grasses in the southern US and has ample representation from most vascular plant families.  In addition, the herbarium contains substantial collections of non-vascular plants, and the largest collection of fungi in the state. The collection currently houses nearly 360,000 specimens and adds approximately 2500-3000 new accessions per year.  The type collection at TAES consists of 199 specimens, of which 130 are Poaceae, 19 Asteraceae, 17 Cyperaceae, and an additional 15 holotypes.</para></abstract></collection></symbiota></metadata></additionalMetadata></eml:eml>
