<?xml version="1.0" encoding="UTF-8"?>
<eml:eml xmlns:eml="eml://ecoinformatics.org/eml-2.1.1" xmlns:dc="http://purl.org/dc/terms/" xmlns:xsi="http://www.w3.org/2001/XMLSchema-instance" xsi:schemaLocation="eml://ecoinformatics.org/eml-2.1.1 http://rs.gbif.org/schema/eml-gbif-profile/1.0.1/eml.xsd" packageId="3b646929-063b-4074-8d5a-eed8b8d8fa63" system="https://symbiota.org" scope="system" xml:lang="eng"><dataset><alternateIdentifier>https://portal.torcherbaria.org/portal/collections/misc/collprofiles.php?collid=422</alternateIdentifier><title xml:lang="eng">Texas Lutheran University Herbarium</title><creator id="3af58358-9758-4cb7-b213-7caeaa233342"><organizationName>TORCH Portal</organizationName><electronicMailAddress>jbest@brit.org</electronicMailAddress><onlineUrl>https://portal.torcherbaria.org/portal/index.php</onlineUrl></creator><metadataProvider><organizationName>TORCH Portal</organizationName><electronicMailAddress>jbest@brit.org</electronicMailAddress><onlineUrl>https://portal.torcherbaria.org/portal/index.php</onlineUrl></metadataProvider><pubDate>2021-03-04</pubDate><language>eng</language><contact><organizationName>Texas Lutheran University Herbarium</organizationName><electronicMailAddress>alievens@tlu.edu</electronicMailAddress><onlineUrl>http://www.tlu.edu/</onlineUrl><addr><deliveryPoint>1000 West Court Street</deliveryPoint><city>Seguin</city><administrativeArea>Texas</administrativeArea><postalCode>78155-5978</postalCode><country>USA</country></addr></contact><associatedParty><individualName><surName>Alan W. Lievens</surName><givenName></givenName></individualName><electronicMailAddress>alievens@tlu.edu</electronicMailAddress><role>contentProvider</role></associatedParty><intellectualRights><para>To the extent possible under law, the publisher has waived all rights to these data and has dedicated them to the <ulink url="http://creativecommons.org/licenses/by-nc/4.0/"><citetitle></citetitle></ulink></para></intellectualRights></dataset><additionalMetadata><metadata><symbiota><dateStamp>2021-03-04T13:48:22-07:00</dateStamp><citation identifier="a2546124-e3ed-4264-8fd2-151d2ba5a2d3">TORCH Portal - a2546124-e3ed-4264-8fd2-151d2ba5a2d3</citation><physical><characterEncoding>UTF-8</characterEncoding><dataFormat><externallyDefinedFormat><formatName>Darwin Core Archive</formatName></externallyDefinedFormat></dataFormat></physical><collection identifier="6ade07ee-25bf-49c8-ae19-f7c225f70422" id="422"><alternateIdentifier>https://portal.torcherbaria.org/portal/collections/misc/collprofiles.php?collid=422</alternateIdentifier><parentCollectionIdentifier>TLU</parentCollectionIdentifier><collectionIdentifier>TLU</collectionIdentifier><collectionName>Texas Lutheran University Herbarium</collectionName><resourceLogoUrl>https://portal.torcherbaria.org/portal/content/collicon/tlu-tlu.jpg</resourceLogoUrl><onlineUrl>http://www.tlu.edu/</onlineUrl><intellectualRights>http://creativecommons.org/licenses/by-nc/4.0/</intellectualRights><abstract></abstract><associatedParty><individualName><surName>Alan W. Lievens</surName><givenName></givenName></individualName><electronicMailAddress>alievens@tlu.edu</electronicMailAddress></associatedParty></collection></symbiota></metadata></additionalMetadata></eml:eml>
