coreid,identifier,accessURI,thumbnailAccessURI,goodQualityAccessURI,rights,Owner,UsageTerms,WebStatement,caption,comments,providerManagedID,MetadataDate,format,associatedSpecimenReference,type,subtype,metadataLanguage
19890551,https://storage.idigbio.org/portals/seinet/sernec/TLU_TLU/201806/DSC_8555_Sedge_Cyperus_retrors_1528130518_lg.jpg,https://storage.idigbio.org/portals/seinet/sernec/TLU_TLU/201806/DSC_8555_Sedge_Cyperus_retrors_1528130518_lg.jpg,https://storage.idigbio.org/portals/seinet/sernec/TLU_TLU/201806/DSC_8555_Sedge_Cyperus_retrors_1528130518_tn.jpg,https://storage.idigbio.org/portals/seinet/sernec/TLU_TLU/201806/DSC_8555_Sedge_Cyperus_retrors_1528130518.jpg,,"Texas Lutheran University Herbarium (TLU-TLU)","CC BY-NC-SA (Attribution-NonCommercial-ShareAlike)",http://creativecommons.org/licenses/by-nc/4.0/,,,urn:uuid:9558c67a-b5a8-4665-89cb-1126ccfc64dc,"2018-06-04 09:41:59",image/jpeg,https://portal.torcherbaria.org/portal/collections/individual/index.php?occid=19890551,StillImage,Photograph,en
20221222,https://portal.torcherbaria.org/imglib/seinet/sernec/TLU_TLU/202006/20200626_103747_Cyperus_1593186092_lg.jpg,https://portal.torcherbaria.org/imglib/seinet/sernec/TLU_TLU/202006/20200626_103747_Cyperus_1593186092_lg.jpg,https://portal.torcherbaria.org/imglib/seinet/sernec/TLU_TLU/202006/20200626_103747_Cyperus_1593186092_tn.jpg,https://portal.torcherbaria.org/imglib/seinet/sernec/TLU_TLU/202006/20200626_103747_Cyperus_1593186092.jpg,,"Texas Lutheran University Herbarium (TLU-TLU)","CC BY-NC-SA (Attribution-NonCommercial-ShareAlike)",http://creativecommons.org/licenses/by-nc/4.0/,"spikelet and achene",,urn:uuid:9e0ea798-d778-44e7-848d-a608af56c7c9,"2020-06-26 08:41:32",image/jpeg,https://portal.torcherbaria.org/portal/collections/individual/index.php?occid=20221222,StillImage,Photograph,en
20221222,https://portal.torcherbaria.org/imglib/seinet/sernec/TLU_TLU/202006/DSC_1293_Cyperus_digitatus_Gon_1593187106_lg.jpg,https://portal.torcherbaria.org/imglib/seinet/sernec/TLU_TLU/202006/DSC_1293_Cyperus_digitatus_Gon_1593187106_lg.jpg,https://portal.torcherbaria.org/imglib/seinet/sernec/TLU_TLU/202006/DSC_1293_Cyperus_digitatus_Gon_1593187106_tn.jpg,https://portal.torcherbaria.org/imglib/seinet/sernec/TLU_TLU/202006/DSC_1293_Cyperus_digitatus_Gon_1593187106.jpg,,"Texas Lutheran University Herbarium (TLU-TLU)","CC BY-NC-SA (Attribution-NonCommercial-ShareAlike)",http://creativecommons.org/licenses/by-nc/4.0/,,,urn:uuid:e5091a5c-7d35-44b3-aaf9-fbe09e39f4f5,"2020-06-26 08:58:27",image/jpeg,https://portal.torcherbaria.org/portal/collections/individual/index.php?occid=20221222,StillImage,Photograph,en
20221222,https://portal.torcherbaria.org/imglib/seinet/sernec/TLU_TLU/202006/DSC_1292_cyperus_digitatus_Gon_1593187159_lg.jpg,https://portal.torcherbaria.org/imglib/seinet/sernec/TLU_TLU/202006/DSC_1292_cyperus_digitatus_Gon_1593187159_lg.jpg,https://portal.torcherbaria.org/imglib/seinet/sernec/TLU_TLU/202006/DSC_1292_cyperus_digitatus_Gon_1593187159_tn.jpg,https://portal.torcherbaria.org/imglib/seinet/sernec/TLU_TLU/202006/DSC_1292_cyperus_digitatus_Gon_1593187159.jpg,,"Texas Lutheran University Herbarium (TLU-TLU)","CC BY-NC-SA (Attribution-NonCommercial-ShareAlike)",http://creativecommons.org/licenses/by-nc/4.0/,,,urn:uuid:422c2861-7f24-4789-a464-9a884d060519,"2020-06-26 08:59:19",image/jpeg,https://portal.torcherbaria.org/portal/collections/individual/index.php?occid=20221222,StillImage,Photograph,en
20316150,https://storage.idigbio.org/portals/seinet/sernec/TLU_TLU/201907/Patterson_20_Cyperus_1562696628_lg.jpg,https://storage.idigbio.org/portals/seinet/sernec/TLU_TLU/201907/Patterson_20_Cyperus_1562696628_lg.jpg,https://storage.idigbio.org/portals/seinet/sernec/TLU_TLU/201907/Patterson_20_Cyperus_1562696628_tn.jpg,https://storage.idigbio.org/portals/seinet/sernec/TLU_TLU/201907/Patterson_20_Cyperus_1562696628.jpg,,"Texas Lutheran University Herbarium (TLU-TLU)","CC BY-NC-SA (Attribution-NonCommercial-ShareAlike)",http://creativecommons.org/licenses/by-nc/4.0/,,,urn:uuid:36d7b8f6-705f-4bb5-93ff-9a894d8184af,"2019-07-09 11:23:48",image/jpeg,https://portal.torcherbaria.org/portal/collections/individual/index.php?occid=20316150,StillImage,Photograph,en
21840612,https://storage.idigbio.org/portals/seinet/sernec/TLU_TLU/201906/Babcock_34_Cyperus_retroflexus_1560970709_lg.jpg,https://storage.idigbio.org/portals/seinet/sernec/TLU_TLU/201906/Babcock_34_Cyperus_retroflexus_1560970709_lg.jpg,https://storage.idigbio.org/portals/seinet/sernec/TLU_TLU/201906/Babcock_34_Cyperus_retroflexus_1560970709_tn.jpg,https://storage.idigbio.org/portals/seinet/sernec/TLU_TLU/201906/Babcock_34_Cyperus_retroflexus_1560970709.jpg,,"Texas Lutheran University Herbarium (TLU-TLU)","CC BY-NC-SA (Attribution-NonCommercial-ShareAlike)",http://creativecommons.org/licenses/by-nc/4.0/,spikelets,,urn:uuid:6c6f1d3e-6ebe-4c73-b7a2-f6f212240e19,"2019-06-19 11:58:30",image/jpeg,https://portal.torcherbaria.org/portal/collections/individual/index.php?occid=21840612,StillImage,Photograph,en
21840908,https://storage.idigbio.org/portals/seinet/sernec/TLU_TLU/201906/Bishop_21_Eleocharis_palustris_1560266570_lg.jpg,https://storage.idigbio.org/portals/seinet/sernec/TLU_TLU/201906/Bishop_21_Eleocharis_palustris_1560266570_lg.jpg,https://storage.idigbio.org/portals/seinet/sernec/TLU_TLU/201906/Bishop_21_Eleocharis_palustris_1560266570_tn.jpg,https://storage.idigbio.org/portals/seinet/sernec/TLU_TLU/201906/Bishop_21_Eleocharis_palustris_1560266570.jpg,,"Texas Lutheran University Herbarium (TLU-TLU)","CC BY-NC-SA (Attribution-NonCommercial-ShareAlike)",http://creativecommons.org/licenses/by-nc/4.0/,achenes,,urn:uuid:7b112e3c-5196-467a-a1e7-dade99049e26,"2019-06-11 08:22:51",image/jpeg,https://portal.torcherbaria.org/portal/collections/individual/index.php?occid=21840908,StillImage,Photograph,en
21896855,https://storage.idigbio.org/portals/seinet/sernec/TLU_TLU/201907/Babcock_65_Cyperus_1562689759_lg.jpg,https://storage.idigbio.org/portals/seinet/sernec/TLU_TLU/201907/Babcock_65_Cyperus_1562689759_lg.jpg,https://storage.idigbio.org/portals/seinet/sernec/TLU_TLU/201907/Babcock_65_Cyperus_1562689759_tn.jpg,https://storage.idigbio.org/portals/seinet/sernec/TLU_TLU/201907/Babcock_65_Cyperus_1562689759.jpg,,"Texas Lutheran University Herbarium (TLU-TLU)","CC BY-NC-SA (Attribution-NonCommercial-ShareAlike)",http://creativecommons.org/licenses/by-nc/4.0/,,,urn:uuid:48350d47-9629-4816-a6c6-89dc4e2e0b97,"2019-07-09 09:29:20",image/jpeg,https://portal.torcherbaria.org/portal/collections/individual/index.php?occid=21896855,StillImage,Photograph,en
21899419,https://storage.idigbio.org/portals/seinet/sernec/TLU_TLU/201906/C_Raines_12_flower_1560956361_lg.jpg,https://storage.idigbio.org/portals/seinet/sernec/TLU_TLU/201906/C_Raines_12_flower_1560956361_lg.jpg,https://storage.idigbio.org/portals/seinet/sernec/TLU_TLU/201906/C_Raines_12_flower_1560956361_tn.jpg,https://storage.idigbio.org/portals/seinet/sernec/TLU_TLU/201906/C_Raines_12_flower_1560956361.jpg,,"Texas Lutheran University Herbarium (TLU-TLU)","CC BY-NC-SA (Attribution-NonCommercial-ShareAlike)",http://creativecommons.org/licenses/by-nc/4.0/,flower,,urn:uuid:c0c557fd-8e9a-4696-8a93-5a2e4f292c18,"2019-06-19 07:59:22",image/jpeg,https://portal.torcherbaria.org/portal/collections/individual/index.php?occid=21899419,StillImage,Photograph,en
21920958,https://storage.idigbio.org/portals/seinet/sernec/TLU_TLU/201907/Babcock_76_achene_Bulbostylis_1562772835_lg.jpg,https://storage.idigbio.org/portals/seinet/sernec/TLU_TLU/201907/Babcock_76_achene_Bulbostylis_1562772835_lg.jpg,https://storage.idigbio.org/portals/seinet/sernec/TLU_TLU/201907/Babcock_76_achene_Bulbostylis_1562772835_tn.jpg,https://storage.idigbio.org/portals/seinet/sernec/TLU_TLU/201907/Babcock_76_achene_Bulbostylis_1562772835.jpg,,"Texas Lutheran University Herbarium (TLU-TLU)","CC BY-NC-SA (Attribution-NonCommercial-ShareAlike)",http://creativecommons.org/licenses/by-nc/4.0/,,,urn:uuid:a4161251-5f8c-4fa4-b6f5-8739298512fc,"2019-07-10 08:33:55",image/jpeg,https://portal.torcherbaria.org/portal/collections/individual/index.php?occid=21920958,StillImage,Photograph,en
19934181,https://storage.idigbio.org/portals/seinet/sernec/TLU_TLU/201906/Windecker_124_1559937070_lg.jpg,https://storage.idigbio.org/portals/seinet/sernec/TLU_TLU/201906/Windecker_124_1559937070_lg.jpg,https://storage.idigbio.org/portals/seinet/sernec/TLU_TLU/201906/Windecker_124_1559937070_tn.jpg,https://storage.idigbio.org/portals/seinet/sernec/TLU_TLU/201906/Windecker_124_1559937070.jpg,,"Texas Lutheran University Herbarium (TLU-TLU)","CC BY-NC-SA (Attribution-NonCommercial-ShareAlike)",http://creativecommons.org/licenses/by-nc/4.0/,spikelets,,urn:uuid:c0ef487f-1f98-4ced-b8e5-4feae073ab07,"2019-06-07 12:51:10",image/jpeg,https://portal.torcherbaria.org/portal/collections/individual/index.php?occid=19934181,StillImage,Photograph,en
19934181,https://storage.idigbio.org/portals/seinet/sernec/TLU_TLU/201906/Windecker_124_achene_1559937145_lg.jpg,https://storage.idigbio.org/portals/seinet/sernec/TLU_TLU/201906/Windecker_124_achene_1559937145_lg.jpg,https://storage.idigbio.org/portals/seinet/sernec/TLU_TLU/201906/Windecker_124_achene_1559937145_tn.jpg,https://storage.idigbio.org/portals/seinet/sernec/TLU_TLU/201906/Windecker_124_achene_1559937145.jpg,,"Texas Lutheran University Herbarium (TLU-TLU)","CC BY-NC-SA (Attribution-NonCommercial-ShareAlike)",http://creativecommons.org/licenses/by-nc/4.0/,"spikelet and achene",,urn:uuid:089ad6e8-396d-48eb-888a-9f65e4d0ea53,"2019-06-07 12:52:25",image/jpeg,https://portal.torcherbaria.org/portal/collections/individual/index.php?occid=19934181,StillImage,Photograph,en
19905871,https://storage.idigbio.org/portals/seinet/sernec/TLU_TLU/201906/Rajkumar_69_1561395630_lg.jpg,https://storage.idigbio.org/portals/seinet/sernec/TLU_TLU/201906/Rajkumar_69_1561395630_lg.jpg,https://storage.idigbio.org/portals/seinet/sernec/TLU_TLU/201906/Rajkumar_69_1561395630_tn.jpg,https://storage.idigbio.org/portals/seinet/sernec/TLU_TLU/201906/Rajkumar_69_1561395630.jpg,,"Texas Lutheran University Herbarium (TLU-TLU)","CC BY-NC-SA (Attribution-NonCommercial-ShareAlike)",http://creativecommons.org/licenses/by-nc/4.0/,flowers,,urn:uuid:03418bd8-7da9-492b-8bd9-9514a40d124b,"2019-06-24 10:00:30",image/jpeg,https://portal.torcherbaria.org/portal/collections/individual/index.php?occid=19905871,StillImage,Photograph,en
19906268,https://storage.idigbio.org/portals/seinet/sernec/TLU_TLU/201907/Rodriguez_036_1562702157_lg.jpg,https://storage.idigbio.org/portals/seinet/sernec/TLU_TLU/201907/Rodriguez_036_1562702157_lg.jpg,https://storage.idigbio.org/portals/seinet/sernec/TLU_TLU/201907/Rodriguez_036_1562702157_tn.jpg,https://storage.idigbio.org/portals/seinet/sernec/TLU_TLU/201907/Rodriguez_036_1562702157.jpg,,"Texas Lutheran University Herbarium (TLU-TLU)","CC BY-NC-SA (Attribution-NonCommercial-ShareAlike)",http://creativecommons.org/licenses/by-nc/4.0/,,,urn:uuid:907237e4-68f0-4071-b362-4a385391b1d0,"2019-07-09 12:55:58",image/jpeg,https://portal.torcherbaria.org/portal/collections/individual/index.php?occid=19906268,StillImage,Photograph,en
19907359,https://storage.idigbio.org/portals/seinet/sernec/TLU_TLU/201907/Woodward_25_Cyperus_1562697926_lg.jpg,https://storage.idigbio.org/portals/seinet/sernec/TLU_TLU/201907/Woodward_25_Cyperus_1562697926_lg.jpg,https://storage.idigbio.org/portals/seinet/sernec/TLU_TLU/201907/Woodward_25_Cyperus_1562697926_tn.jpg,https://storage.idigbio.org/portals/seinet/sernec/TLU_TLU/201907/Woodward_25_Cyperus_1562697926.jpg,,"Texas Lutheran University Herbarium (TLU-TLU)","CC BY-NC-SA (Attribution-NonCommercial-ShareAlike)",http://creativecommons.org/licenses/by-nc/4.0/,,,urn:uuid:cdd0dfb1-de00-4916-8157-ae9c7498f0a4,"2019-07-09 11:45:26",image/jpeg,https://portal.torcherbaria.org/portal/collections/individual/index.php?occid=19907359,StillImage,Photograph,en
19907391,https://storage.idigbio.org/portals/seinet/sernec/TLU_TLU/201807/Woodward_32_Eragrostis_superba_1531510993_lg.jpg,https://storage.idigbio.org/portals/seinet/sernec/TLU_TLU/201807/Woodward_32_Eragrostis_superba_1531510993_lg.jpg,https://storage.idigbio.org/portals/seinet/sernec/TLU_TLU/201807/Woodward_32_Eragrostis_superba_1531510993_tn.jpg,https://storage.idigbio.org/portals/seinet/sernec/TLU_TLU/201807/Woodward_32_Eragrostis_superba_1531510993.jpg,,"Texas Lutheran University Herbarium (TLU-TLU)","CC BY-NC-SA (Attribution-NonCommercial-ShareAlike)",http://creativecommons.org/licenses/by-nc/4.0/,,,urn:uuid:b9a453e6-8412-424b-9711-3ed5f45de45f,"2018-07-13 12:43:14",image/jpeg,https://portal.torcherbaria.org/portal/collections/individual/index.php?occid=19907391,StillImage,Photograph,en
19907420,https://storage.idigbio.org/portals/seinet/sernec/TLU_TLU/201906/Woodward_42_Cyperus_acuminatus_1559921340_lg.jpg,https://storage.idigbio.org/portals/seinet/sernec/TLU_TLU/201906/Woodward_42_Cyperus_acuminatus_1559921340_lg.jpg,https://storage.idigbio.org/portals/seinet/sernec/TLU_TLU/201906/Woodward_42_Cyperus_acuminatus_1559921340_tn.jpg,https://storage.idigbio.org/portals/seinet/sernec/TLU_TLU/201906/Woodward_42_Cyperus_acuminatus_1559921340.jpg,,"Texas Lutheran University Herbarium (TLU-TLU)","CC BY-NC-SA (Attribution-NonCommercial-ShareAlike)",http://creativecommons.org/licenses/by-nc/4.0/,spikelets,,urn:uuid:ed0ebcd7-ce8b-40f8-b23a-171213d9359f,"2019-06-07 08:29:01",image/jpeg,https://portal.torcherbaria.org/portal/collections/individual/index.php?occid=19907420,StillImage,Photograph,en
19907565,https://storage.idigbio.org/portals/seinet/sernec/TLU_TLU/201906/Lara_91_inflorescence_1561395151_lg.jpg,https://storage.idigbio.org/portals/seinet/sernec/TLU_TLU/201906/Lara_91_inflorescence_1561395151_lg.jpg,https://storage.idigbio.org/portals/seinet/sernec/TLU_TLU/201906/Lara_91_inflorescence_1561395151_tn.jpg,https://storage.idigbio.org/portals/seinet/sernec/TLU_TLU/201906/Lara_91_inflorescence_1561395151.jpg,,"Texas Lutheran University Herbarium (TLU-TLU)","CC BY-NC-SA (Attribution-NonCommercial-ShareAlike)",http://creativecommons.org/licenses/by-nc/4.0/,"flower head",,urn:uuid:5f2e65c8-4f34-45fc-ab50-7f6d37f09a18,"2019-06-24 09:52:31",image/jpeg,https://portal.torcherbaria.org/portal/collections/individual/index.php?occid=19907565,StillImage,Photograph,en
19907565,https://storage.idigbio.org/portals/seinet/sernec/TLU_TLU/201906/Lara_91_capsule_1561395198_lg.jpg,https://storage.idigbio.org/portals/seinet/sernec/TLU_TLU/201906/Lara_91_capsule_1561395198_lg.jpg,https://storage.idigbio.org/portals/seinet/sernec/TLU_TLU/201906/Lara_91_capsule_1561395198_tn.jpg,https://storage.idigbio.org/portals/seinet/sernec/TLU_TLU/201906/Lara_91_capsule_1561395198.jpg,,"Texas Lutheran University Herbarium (TLU-TLU)","CC BY-NC-SA (Attribution-NonCommercial-ShareAlike)",http://creativecommons.org/licenses/by-nc/4.0/,capsule,,urn:uuid:74f171d6-1b7f-4492-8386-6df34cf1d4ad,"2019-06-24 09:53:18",image/jpeg,https://portal.torcherbaria.org/portal/collections/individual/index.php?occid=19907565,StillImage,Photograph,en
19907718,https://storage.idigbio.org/portals/seinet/sernec/TLU_TLU/201907/Woodward_136_1562698959_lg.jpg,https://storage.idigbio.org/portals/seinet/sernec/TLU_TLU/201907/Woodward_136_1562698959_lg.jpg,https://storage.idigbio.org/portals/seinet/sernec/TLU_TLU/201907/Woodward_136_1562698959_tn.jpg,https://storage.idigbio.org/portals/seinet/sernec/TLU_TLU/201907/Woodward_136_1562698959.jpg,,"Texas Lutheran University Herbarium (TLU-TLU)","CC BY-NC-SA (Attribution-NonCommercial-ShareAlike)",http://creativecommons.org/licenses/by-nc/4.0/,,,urn:uuid:d171ef68-7b98-47da-ab5f-5a264baedfc1,"2019-07-09 12:02:49",image/jpeg,https://portal.torcherbaria.org/portal/collections/individual/index.php?occid=19907718,StillImage,Photograph,en
19908022,https://storage.idigbio.org/portals/seinet/sernec/TLU_TLU/201906/Gatto_80_Eleocharis_palustris__1560531680_lg.jpg,https://storage.idigbio.org/portals/seinet/sernec/TLU_TLU/201906/Gatto_80_Eleocharis_palustris__1560531680_lg.jpg,https://storage.idigbio.org/portals/seinet/sernec/TLU_TLU/201906/Gatto_80_Eleocharis_palustris__1560531680_tn.jpg,https://storage.idigbio.org/portals/seinet/sernec/TLU_TLU/201906/Gatto_80_Eleocharis_palustris__1560531680.jpg,,"Texas Lutheran University Herbarium (TLU-TLU)","CC BY-NC-SA (Attribution-NonCommercial-ShareAlike)",http://creativecommons.org/licenses/by-nc/4.0/,achene,,urn:uuid:80c70265-75ed-4c3e-8e5a-3523b4127a3c,"2019-06-14 10:01:21",image/jpeg,https://portal.torcherbaria.org/portal/collections/individual/index.php?occid=19908022,StillImage,Photograph,en
19908472,https://storage.idigbio.org/portals/seinet/sernec/TLU_TLU/201906/Windecker_20_Eleocharis_engelm_1560266668_lg.jpg,https://storage.idigbio.org/portals/seinet/sernec/TLU_TLU/201906/Windecker_20_Eleocharis_engelm_1560266668_lg.jpg,https://storage.idigbio.org/portals/seinet/sernec/TLU_TLU/201906/Windecker_20_Eleocharis_engelm_1560266668_tn.jpg,https://storage.idigbio.org/portals/seinet/sernec/TLU_TLU/201906/Windecker_20_Eleocharis_engelm_1560266668.jpg,,"Texas Lutheran University Herbarium (TLU-TLU)","CC BY-NC-SA (Attribution-NonCommercial-ShareAlike)",http://creativecommons.org/licenses/by-nc/4.0/,achenes,,urn:uuid:7fa67c38-40a1-4480-8d20-0e67150e4f32,"2019-06-11 08:24:28",image/jpeg,https://portal.torcherbaria.org/portal/collections/individual/index.php?occid=19908472,StillImage,Photograph,en
19908644,https://storage.idigbio.org/portals/seinet/sernec/TLU_TLU/201807/Gates_69_Christenson_Ranch_7_J_1531161432_lg.jpg,https://storage.idigbio.org/portals/seinet/sernec/TLU_TLU/201807/Gates_69_Christenson_Ranch_7_J_1531161432_lg.jpg,https://storage.idigbio.org/portals/seinet/sernec/TLU_TLU/201807/Gates_69_Christenson_Ranch_7_J_1531161432_tn.jpg,https://storage.idigbio.org/portals/seinet/sernec/TLU_TLU/201807/Gates_69_Christenson_Ranch_7_J_1531161432.jpg,,"Texas Lutheran University Herbarium (TLU-TLU)","CC BY-NC-SA (Attribution-NonCommercial-ShareAlike)",http://creativecommons.org/licenses/by-nc/4.0/,,,urn:uuid:ad7ef298-1cee-4bd9-a591-1a50574c7c7a,"2018-07-09 11:37:13",image/jpeg,https://portal.torcherbaria.org/portal/collections/individual/index.php?occid=19908644,StillImage,Photograph,en
19908708,https://storage.idigbio.org/portals/seinet/sernec/TLU_TLU/201807/Windecker_87_Fuirena_simplex_1531254097_lg.jpg,https://storage.idigbio.org/portals/seinet/sernec/TLU_TLU/201807/Windecker_87_Fuirena_simplex_1531254097_lg.jpg,https://storage.idigbio.org/portals/seinet/sernec/TLU_TLU/201807/Windecker_87_Fuirena_simplex_1531254097_tn.jpg,https://storage.idigbio.org/portals/seinet/sernec/TLU_TLU/201807/Windecker_87_Fuirena_simplex_1531254097.jpg,,"Texas Lutheran University Herbarium (TLU-TLU)","CC BY-NC-SA (Attribution-NonCommercial-ShareAlike)",http://creativecommons.org/licenses/by-nc/4.0/,,,urn:uuid:91b2eb87-71db-4c8f-aae4-e0594339cf31,"2018-07-10 13:21:37",image/jpeg,https://portal.torcherbaria.org/portal/collections/individual/index.php?occid=19908708,StillImage,Photograph,en
19904858,https://storage.idigbio.org/portals/seinet/sernec/TLU_TLU/201907/Byrd_08-141_Cyperus_odoratus_1562700755_lg.jpg,https://storage.idigbio.org/portals/seinet/sernec/TLU_TLU/201907/Byrd_08-141_Cyperus_odoratus_1562700755_lg.jpg,https://storage.idigbio.org/portals/seinet/sernec/TLU_TLU/201907/Byrd_08-141_Cyperus_odoratus_1562700755_tn.jpg,https://storage.idigbio.org/portals/seinet/sernec/TLU_TLU/201907/Byrd_08-141_Cyperus_odoratus_1562700755.jpg,,"Texas Lutheran University Herbarium (TLU-TLU)","CC BY-NC-SA (Attribution-NonCommercial-ShareAlike)",http://creativecommons.org/licenses/by-nc/4.0/,,"shows disarticulation of spikelet axis",urn:uuid:b780e9c8-596e-4579-bb7f-796c3d6b5325,"2019-07-09 12:32:35",image/jpeg,https://portal.torcherbaria.org/portal/collections/individual/index.php?occid=19904858,StillImage,Photograph,en
