id,institutionCode,collectionCode,ownerInstitutionCode,collectionID,basisOfRecord,occurrenceID,catalogNumber,otherCatalogNumbers,higherClassification,kingdom,phylum,class,order,family,scientificName,taxonID,scientificNameAuthorship,genus,subgenus,specificEpithet,verbatimTaxonRank,infraspecificEpithet,taxonRank,identifiedBy,dateIdentified,identificationReferences,identificationRemarks,taxonRemarks,identificationQualifier,typeStatus,recordedBy,recordNumber,eventDate,year,month,day,startDayOfYear,endDayOfYear,verbatimEventDate,occurrenceRemarks,habitat,fieldNumber,informationWithheld,dataGeneralizations,dynamicProperties,associatedOccurrences,associatedTaxa,reproductiveCondition,establishmentMeans,lifeStage,sex,individualCount,preparations,country,stateProvince,county,municipality,locality,locationRemarks,decimalLatitude,decimalLongitude,geodeticDatum,coordinateUncertaintyInMeters,verbatimCoordinates,georeferencedBy,georeferenceProtocol,georeferenceSources,georeferenceVerificationStatus,georeferenceRemarks,minimumElevationInMeters,maximumElevationInMeters,minimumDepthInMeters,maximumDepthInMeters,verbatimDepth,verbatimElevation,disposition,language,recordEnteredBy,modified,rights,rightsHolder,accessRights,recordId,references
19890551,TLU,TLU,,6ade07ee-25bf-49c8-ae19-f7c225f70422,PreservedSpecimen,50b50d18-6f34-4171-a919-26e36e65a04b,,,Plantae|Magnoliophyta|Monocots|Commelinids|Poales|Cyperaceae|Cyperus,Plantae,Magnoliophyta,,Poales,Cyperaceae,"Cyperus retrorsus",18123,Chapm.,Cyperus,,retrorsus,,,Species,"Mark P. Gustafson","4 June 2018","Illustrated Flora of East Texas",,,,,"Tamara D. Kotin; M. Gatto, M. Gustafson, S. Hight, A. Lievens, and B. Patterson",99,2016-06-24,2016,6,24,176,,,,"Grassy field.",,,,,,,,,,,,,"United States",Texas,Guadalupe,,"Patterson Ranch, off Patterson Lane, north of US 90A, east of Seguin.",,29.573017,-97.82595,WGS84,,"29d 34.381m N -97d 49.557m W",,,,,,142,,,,,,,,mgustafson,"2018-06-04 09:38:24",http://creativecommons.org/licenses/by-nc/4.0/,,,urn:uuid:50b50d18-6f34-4171-a919-26e36e65a04b,https://portal.torcherbaria.org/portal/collections/individual/index.php?occid=19890551
20221222,TLU,TLU,,6ade07ee-25bf-49c8-ae19-f7c225f70422,PreservedSpecimen,7d93ed3b-b221-4f0a-8b34-222243652d84,,,Plantae|Magnoliophyta|Monocots|Commelinids|Poales|Cyperaceae|Cyperus,Plantae,Magnoliophyta,,Poales,Cyperaceae,"Cyperus digitatus",27008,Roxb.,Cyperus,,digitatus,,,Species,"Mark P. Gustafson",2020-06-26,"Illustrated Flora of East Texas",,,,,"Joseph F. Gonzales; M. Francisco, M. Gustafson, A. Lievens, M. Wagner",37,2018-06-28,2018,6,28,179,,,,"Full sun.",,,,,,,Flower.,,,,,,"United States",Texas,Guadalupe,,"Weston Ranch; Near Green Valley Road.",,29.61958,-98.19105,,,,,,,,,235,,,,,,,,jfgonzales,"2020-06-26 08:44:08",http://creativecommons.org/licenses/by-nc/4.0/,,,urn:uuid:7d93ed3b-b221-4f0a-8b34-222243652d84,https://portal.torcherbaria.org/portal/collections/individual/index.php?occid=20221222
20316150,TLU,TLU,,6ade07ee-25bf-49c8-ae19-f7c225f70422,PreservedSpecimen,3a3669b3-e781-4d53-911c-74e238c3751b,,,Plantae|Magnoliophyta|Monocots|Commelinids|Poales|Cyperaceae|Cyperus,Plantae,Magnoliophyta,,Poales,Cyperaceae,"Cyperus reflexus",80352,Vahl,Cyperus,,reflexus,,,Species,,,,,,,,"Nicole Patterson; M. Francisco, J. Gonzales, M. Gustafson, C. Krueger, A. Lievens.",20,2018-07-17,2018,7,17,198,,,,"Growing along pond.",,,,,,,Flower/fruit.,,,,,,"United States",Texas,Guadalupe,,"Reeves property, Old Colony Road.",,29.41524,-97.98317,,,,,,,,,186,,,,,,,,nmpatterson,"2018-07-20 09:07:00",http://creativecommons.org/licenses/by-nc/4.0/,,,urn:uuid:3a3669b3-e781-4d53-911c-74e238c3751b,https://portal.torcherbaria.org/portal/collections/individual/index.php?occid=20316150
21820100,TLU,TLU,,6ade07ee-25bf-49c8-ae19-f7c225f70422,PreservedSpecimen,772ad248-f0ca-402e-8aff-ad3697e0ea4c,,,"Plantae|Magnoliophyta|Eudicots|Core Eudicots|Caryophyllales|Droseraceae|Drosera",Plantae,Magnoliophyta,,Caryophyllales,Droseraceae,"Drosera brevifolia",50542,Pursh,Drosera,,brevifolia,,,Species,,,,,,,,"Mark Gustafson; A. Lievens, Remy Corbin, Jillian Ebanks, P. Williams",,,2019,,,,,,,,,"field values redacted: eventDate, month, day, startDayOfYear, recordNumber, locality, minimumElevationInMeters, decimalLatitude, decimalLongitude, habitat",,,,,,,,,,,USA,Texas,Guadalupe,,,,,,,,,,,,,,,,,,,,,,mgustafson,"2019-05-24 12:01:11",http://creativecommons.org/licenses/by-nc/4.0/,,,urn:uuid:772ad248-f0ca-402e-8aff-ad3697e0ea4c,https://portal.torcherbaria.org/portal/collections/individual/index.php?occid=21820100
21840612,TLU,TLU,,6ade07ee-25bf-49c8-ae19-f7c225f70422,PreservedSpecimen,069a36e4-e011-490a-8804-44c550bb9efd,,,"Plantae|Magnoliophyta|Monocots|Commelinids|Poales|Cyperaceae|Cyperus|Cyperus retroflexus",Plantae,Magnoliophyta,,Poales,Cyperaceae,"Cyperus retroflexus var. retroflexus",308240,Buckley,Cyperus,,retroflexus,var.,retroflexus,Variety,"J. Babcock & M. Gustafson",2019-06-19,,,,,,"James L Babcock; M. Bishop, M. Gustafson, A. Lievens, Y. Perez, C. Raines",34,2019-05-28,2019,5,28,148,,,,"Deep sandy soil",,,,,,,,,,,,,"United States",Texas,Guadalupe,,"Zion Hill Cemetery No. 1 on Sheffield Road",,29.47579,-97.93164,,,,,,,,,168,,,,,,,,jlbabcock,"2019-06-19 11:56:06",http://creativecommons.org/licenses/by-nc/4.0/,,,urn:uuid:069a36e4-e011-490a-8804-44c550bb9efd,https://portal.torcherbaria.org/portal/collections/individual/index.php?occid=21840612
21840908,TLU,TLU,,6ade07ee-25bf-49c8-ae19-f7c225f70422,PreservedSpecimen,cc24da95-fa5c-4f7b-b065-a5acd3263d04,,,Plantae|Magnoliophyta|Monocots|Commelinids|Poales|Cyperaceae|Eleocharis,Plantae,Magnoliophyta,,Poales,Cyperaceae,"Eleocharis palustris",1904,"(L.) Roem. & Schult.",Eleocharis,,palustris,,,Species,"M. Bishop, M. Gustafson","11 June 2019",,,,,,"Mason Bishop; J. Babcock, M. Gustafson, A. Lievens, Y. Perez",21,2019-05-28,2019,5,28,148,,,,"Along gravel road, near post oak woodland",,,,,,,,,,,,,"United States",Texas,Guadalupe,,"Boyd Road",,29.47559,-97.9171,,,,,,,,,169,,,,,,,,Mbishop,"2019-06-14 10:56:15",http://creativecommons.org/licenses/by-nc/4.0/,,,urn:uuid:cc24da95-fa5c-4f7b-b065-a5acd3263d04,https://portal.torcherbaria.org/portal/collections/individual/index.php?occid=21840908
21847339,TLU,TLU,,6ade07ee-25bf-49c8-ae19-f7c225f70422,PreservedSpecimen,7978b61e-f9ec-4e0c-be40-13db0a0b8253,,,"Plantae|Magnoliophyta|Eudicots|Core Eudicots|Caryophyllales|Cactaceae|Thelocactus",Plantae,Magnoliophyta,,Caryophyllales,Cactaceae,"Thelocactus setispinus",103307,"(Engelm.) E.F. Anderson",Thelocactus,,setispinus,,,Species,,,,,,,,"Mark P. Gustafson",,,2009,,,,,,,,,"field values redacted: eventDate, month, day, startDayOfYear, recordNumber, locality, decimalLatitude, decimalLongitude, geodeticDatum, coordinateUncertaintyInMeters",,,,,,,,,,,"United States",Texas,Guadalupe,,,,,,,,,,,,,,,,,,,,,,mgustafson,"2020-09-28 10:07:14",http://creativecommons.org/licenses/by-nc/4.0/,,,urn:uuid:7978b61e-f9ec-4e0c-be40-13db0a0b8253,https://portal.torcherbaria.org/portal/collections/individual/index.php?occid=21847339
21896855,TLU,TLU,,6ade07ee-25bf-49c8-ae19-f7c225f70422,PreservedSpecimen,3b0bd0ed-da85-4ca1-85e7-c33b2112d619,,,Plantae|Magnoliophyta|Monocots|Commelinids|Poales|Cyperaceae|Cyperus,Plantae,Magnoliophyta,,Poales,Cyperaceae,"Cyperus retroflexus",948,Buckley,Cyperus,,retroflexus,,,Species,"Chassety Raines",2019-07-10,,"Identification supported to the species level by DNA sequence",,,,"James L Babcock; M. Bishop, M. Gustafson, A. Lievens, Y. Perez, C. Raines",65,2019-06-04,2019,6,4,155,,,,"Post oak savanna, deep sandy soil",,,,,,,,,,,,,"United States",Texas,Guadalupe,,"Reeves Property, Old Colony Road",,29.41344,-97.98555,,,,,,,,,181,,,,,,,,jlbabcock,"2019-07-10 11:08:57",http://creativecommons.org/licenses/by-nc/4.0/,,,urn:uuid:3b0bd0ed-da85-4ca1-85e7-c33b2112d619,https://portal.torcherbaria.org/portal/collections/individual/index.php?occid=21896855
21899419,TLU,TLU,,6ade07ee-25bf-49c8-ae19-f7c225f70422,PreservedSpecimen,372a6c5b-5ee2-4490-96cb-d3299d32cc4e,,,"Plantae|Magnoliophyta|Eudicots|Core Eudicots|Lamiids|Asterids|Gentianales|Rubiaceae|Oldenlandia",Plantae,Magnoliophyta,,Gentianales,Rubiaceae,"Oldenlandia boscii",92910,"(DC.) Chapm.",Oldenlandia,,boscii,,,Species,"A. Lievens.",,,,,,,"Chassety Raines; J. Babcock, M. Bishop, M. Gustafson, A. Lievens, Y. Perez.",12,2019-06-04,2019,6,4,155,,,"Few plants seen.; Petals ~0.5 mm long, stamens alternate to petals, four green sepals exceeding length of four white petals, superior ovaries, four black anthers.","Along the edge of a stock pond, sandy soil.",,,,,,,,,,,,,"United States",Texas,Guadalupe,,"Reeves Property on Old Colony Road.",,29.41557,-97.98317,,,,,,,,,183,,,,,,,,chassetyraines,"2019-06-19 07:55:58",http://creativecommons.org/licenses/by-nc/4.0/,,,urn:uuid:372a6c5b-5ee2-4490-96cb-d3299d32cc4e,https://portal.torcherbaria.org/portal/collections/individual/index.php?occid=21899419
21920958,TLU,TLU,,6ade07ee-25bf-49c8-ae19-f7c225f70422,PreservedSpecimen,b273df0f-fb0c-4c62-aecd-ba6bfbb96b69,,,Plantae|Magnoliophyta|Monocots|Commelinids|Poales|Cyperaceae|Bulbostylis,Plantae,Magnoliophyta,,Poales,Cyperaceae,"Bulbostylis capillaris",1040,"(L.) Kunth ex C. B. Clarke",Bulbostylis,,capillaris,,,Species,"Mark P. Gustafson","8 July 2019","Illustrated Flora of East Texas",,,,,"James L Babcock; M. Bishop, M. Gustafson, A. Lievens, Y. Perez, C. Raines",76,2019-06-10,2019,6,10,161,,,,"along fence line, sandy soil",,,,,,,,,,,,,"United States",Texas,Guadalupe,,"Reeves Property on Old Colony Road",,29.41813,-97.98496,,,,,,,,,184,,,,,,,,jlbabcock,"2019-07-08 07:14:29",http://creativecommons.org/licenses/by-nc/4.0/,,,urn:uuid:b273df0f-fb0c-4c62-aecd-ba6bfbb96b69,https://portal.torcherbaria.org/portal/collections/individual/index.php?occid=21920958
19934181,TLU,TLU,,6ade07ee-25bf-49c8-ae19-f7c225f70422,PreservedSpecimen,88578874-5f66-4aca-a8c0-34ad8eff67cc,,,Plantae|Magnoliophyta|Monocots|Commelinids|Poales|Cyperaceae|Cyperus,Plantae,Magnoliophyta,,Poales,Cyperaceae,"Cyperus retroflexus",948,Buckley,Cyperus,,retroflexus,,,Species,"Mark P. Gustafson","7 June 2019","Illustrated Flora of East Texas",,,,,"Kody Windecker; Plant Biology class at TLU",124,2017-10-19,2017,10,19,292,,19-Oct-17,,,,,,,,,,,,,,,"United States",Texas,Guadalupe,,"Reeves Ranch, Schneider Road",,29.49523,-97.92155,,,"29.49523, -97.92155",,,,,,150,,,,,,,,,"2019-06-07 12:30:28",http://creativecommons.org/licenses/by-nc/4.0/,,,urn:uuid:88578874-5f66-4aca-a8c0-34ad8eff67cc,https://portal.torcherbaria.org/portal/collections/individual/index.php?occid=19934181
19905871,TLU,TLU,,6ade07ee-25bf-49c8-ae19-f7c225f70422,PreservedSpecimen,a5ef02f5-9648-45e9-8099-dd37d11baf80,,,Plantae|Magnoliophyta|Monocots|Commelinids|Poales|Juncaceae|Juncus,Plantae,Magnoliophyta,,Poales,Juncaceae,"Juncus brachyphyllus",18338,Wiegand,Juncus,,brachyphyllus,,,Species,,,,,,,,"Sally John Rajkumar",69,2012-06-19,2012,6,19,171,,19-Jun-12,,,,,,,,,,,,,,,"United States",Texas,Guadalupe,,"South end of Curry Road; South of Seguin",,29.3887,-97.99033333,,,"29.3887, -97.99033333",,,,,,,186,,,,,,,,"2018-06-08 09:22:16",http://creativecommons.org/licenses/by-nc/4.0/,,,urn:uuid:a5ef02f5-9648-45e9-8099-dd37d11baf80,https://portal.torcherbaria.org/portal/collections/individual/index.php?occid=19905871
19906268,TLU,TLU,,6ade07ee-25bf-49c8-ae19-f7c225f70422,PreservedSpecimen,7e9dd98e-9bb0-4c3a-830f-52da2b437fe2,,,Plantae|Magnoliophyta|Monocots|Commelinids|Poales|Cyperaceae|Cyperus,Plantae,Magnoliophyta,,Poales,Cyperaceae,"Cyperus ochraceus",27014,Vahl,Cyperus,,ochraceus,,,Species,"Mark P. Gustafson","9 July 2019","Illustrated Flora of East Texas",,,,,"Luis A. Rodriguez",36,2013-06-12,2013,6,12,163,,12-Jun-13,!TEX,,,,,,,,,,,,,,"United States",Texas,Guadalupe,,"Weston Ranch, Tract 17. East and south of Green Valley Road; northwest of Marion",,29.61615,-98.19725,,,"29.61615, -98.19725",,,,,,,225,,,,,,,,"2019-07-09 12:57:41",http://creativecommons.org/licenses/by-nc/4.0/,,,urn:uuid:7e9dd98e-9bb0-4c3a-830f-52da2b437fe2,https://portal.torcherbaria.org/portal/collections/individual/index.php?occid=19906268
19906537,TLU,TLU,,6ade07ee-25bf-49c8-ae19-f7c225f70422,PreservedSpecimen,163720e0-adfc-4d5e-b60e-c0e99c56436d,,,"Plantae|Magnoliophyta|Eudicots|Core Eudicots|Caryophyllales|Cactaceae|Thelocactus",Plantae,Magnoliophyta,,Caryophyllales,Cactaceae,"Thelocactus setispinus",103307,"(Engelm.) E.F. Anderson",Thelocactus,,setispinus,,,Species,,,,,,,,"Mark P. Gustafson",,,2013,,,,,,"photo only",,,"field values redacted: eventDate, month, day, startDayOfYear, verbatimEventDate, recordNumber, locality, decimalLatitude, decimalLongitude, geodeticDatum, coordinateUncertaintyInMeters, georeferencedBy, georeferenceSources, georeferenceVerificationStatus",,,,,,,,,,,"United States",Texas,Guadalupe,,,,,,,,,,,,,,,,,,,,,,,"2020-09-28 10:06:39",http://creativecommons.org/licenses/by-nc/4.0/,,,urn:uuid:163720e0-adfc-4d5e-b60e-c0e99c56436d,https://portal.torcherbaria.org/portal/collections/individual/index.php?occid=19906537
19906871,TLU,TLU,,6ade07ee-25bf-49c8-ae19-f7c225f70422,PreservedSpecimen,970c8580-2479-4dff-8274-f2fec3c310b5,,,"Plantae|Magnoliophyta|Eudicots|Core Eudicots|Caryophyllales|Cactaceae|Thelocactus",Plantae,Magnoliophyta,,Caryophyllales,Cactaceae,"Thelocactus setispinus",103307,"(Engelm.) E.F. Anderson",Thelocactus,,setispinus,,,Species,,,,,,,,"Mark P. Gustafson",,,2014,,,,,,,,,"field values redacted: eventDate, month, day, startDayOfYear, verbatimEventDate, recordNumber, locality, decimalLatitude, decimalLongitude, geodeticDatum, coordinateUncertaintyInMeters, georeferencedBy, georeferenceSources, georeferenceVerificationStatus",,,,,,,,,,,"United States",Texas,Guadalupe,,,,,,,,,,,,,,,,,,,,,,,"2020-09-28 10:06:49",http://creativecommons.org/licenses/by-nc/4.0/,,,urn:uuid:970c8580-2479-4dff-8274-f2fec3c310b5,https://portal.torcherbaria.org/portal/collections/individual/index.php?occid=19906871
19907359,TLU,TLU,,6ade07ee-25bf-49c8-ae19-f7c225f70422,PreservedSpecimen,bd7471c2-85e9-4017-b637-ffdd0b9cdd2d,,,Plantae|Magnoliophyta|Monocots|Commelinids|Poales|Cyperaceae|Cyperus,Plantae,Magnoliophyta,,Poales,Cyperaceae,"Cyperus esculentus",873,L.,Cyperus,,esculentus,,,Species,,,,,,,,"Rebecca Woodward",25,2015-06-03,2015,6,3,154,,3-Jun-15,,,,,,,,,,,,,,,"United States",Texas,Guadalupe,,"Weston Ranch East of Creek Road",,29.6321,-98.15063333,,,"29.6321, -98.15063333",,,,,,,210,,,,,,,,"2018-06-08 09:22:16",http://creativecommons.org/licenses/by-nc/4.0/,,,urn:uuid:bd7471c2-85e9-4017-b637-ffdd0b9cdd2d,https://portal.torcherbaria.org/portal/collections/individual/index.php?occid=19907359
19907391,TLU,TLU,,6ade07ee-25bf-49c8-ae19-f7c225f70422,PreservedSpecimen,dfa74ac8-2eea-4ca9-97eb-2ad056ddf638,,,Plantae|Magnoliophyta|Monocots|Commelinids|Poales|Poaceae|Eragrostis,Plantae,Magnoliophyta,,Poales,Poaceae,"Eragrostis superba",1639,Peyr.,Eragrostis,,superba,,,Species,"Mark P. Gustafson","13 July 2018","Shaw, Guide to Texas Grasses",,,,,"Rebecca Woodward",32,2015-06-09,2015,6,9,160,,9-Jun-15,,,,,,,,,,,,,,,"United States",Texas,Guadalupe,,"Bylerpool Road Near Texas 130",,29.82505,-97.85471667,,,"29.82505, -97.85471667",,,,,,,160,,,,,,,,"2018-07-13 12:42:19",http://creativecommons.org/licenses/by-nc/4.0/,,,urn:uuid:dfa74ac8-2eea-4ca9-97eb-2ad056ddf638,https://portal.torcherbaria.org/portal/collections/individual/index.php?occid=19907391
19907420,TLU,TLU,,6ade07ee-25bf-49c8-ae19-f7c225f70422,PreservedSpecimen,9bfe1278-136a-4ba8-be98-27d1a0212db3,,,Plantae|Magnoliophyta|Monocots|Commelinids|Poales|Cyperaceae|Cyperus,Plantae,Magnoliophyta,,Poales,Cyperaceae,"Cyperus acuminatus",868,"Torr. & Hook.",Cyperus,,acuminatus,,,Species,"Mark P. Gustafson","7 June 2019","Illustrated Flora of East Texas",,,,,"Rebecca Woodward",42,2015-06-11,2015,6,11,162,,11-Jun-15,,,,,,,,,,,,,,,"United States",Texas,Guadalupe,,"Weston Ranch South of Wunles Lane",,29.64136667,-98.14471667,,,"29.64136667, -98.14471667",,,,,,,220,,,,,,,,"2019-06-07 08:24:19",http://creativecommons.org/licenses/by-nc/4.0/,,,urn:uuid:9bfe1278-136a-4ba8-be98-27d1a0212db3,https://portal.torcherbaria.org/portal/collections/individual/index.php?occid=19907420
19907565,TLU,TLU,,6ade07ee-25bf-49c8-ae19-f7c225f70422,PreservedSpecimen,8c32837c-c51e-4ea5-81e9-f7f6dd00923c,,,Plantae|Magnoliophyta|Monocots|Commelinids|Poales|Juncaceae|Juncus,Plantae,Magnoliophyta,,Poales,Juncaceae,"Juncus filipendulus",88238,Buckley,Juncus,,filipendulus,,,Species,,,,,,,,"Jacob Lara",91,2015-06-26,2015,6,26,177,,26-Jun-15,,,,,,,,,,,,,,,"United States",Texas,Guadalupe,,"Helms Property, east of Wilke Road near Prairie Lea Road. Near pond.",,29.69295,-97.79133333,,,"29.69295, -97.79133333",,,,,,,140,,,,,,,,"2018-06-08 09:22:16",http://creativecommons.org/licenses/by-nc/4.0/,,,urn:uuid:8c32837c-c51e-4ea5-81e9-f7f6dd00923c,https://portal.torcherbaria.org/portal/collections/individual/index.php?occid=19907565
19907718,TLU,TLU,,6ade07ee-25bf-49c8-ae19-f7c225f70422,PreservedSpecimen,ed103469-c83f-4c3e-b647-00f6771f837e,,,Plantae|Magnoliophyta|Monocots|Commelinids|Poales|Cyperaceae|Cyperus,Plantae,Magnoliophyta,,Poales,Cyperaceae,"Cyperus acuminatus",868,"Torr. & Hook.",Cyperus,,acuminatus,,,Species,"Mark P. Gustafson","2019 July 9","Illustrated Flora of East Texas",,,,,"Rebecca Woodward",136,2015-07-13,2015,7,13,194,,13-Jul-15,,,,,,,,,,,,,,,"United States",Texas,Guadalupe,,"Weston Ranch, North of Weil Road",,29.62991667,-98.14548333,,,"29.62991667, -98.14548333",,,,,,,206,,,,,,,,"2019-07-09 12:03:51",http://creativecommons.org/licenses/by-nc/4.0/,,,urn:uuid:ed103469-c83f-4c3e-b647-00f6771f837e,https://portal.torcherbaria.org/portal/collections/individual/index.php?occid=19907718
19908022,TLU,TLU,,6ade07ee-25bf-49c8-ae19-f7c225f70422,PreservedSpecimen,28ebbd2e-b3d2-4947-8418-2f08c1459e04,,,Plantae|Magnoliophyta|Monocots|Commelinids|Poales|Cyperaceae|Eleocharis,Plantae,Magnoliophyta,,Poales,Cyperaceae,"Eleocharis palustris",1904,"(L.) Roem. & Schult.",Eleocharis,,palustris,,,Species,"Mark P. Gustafson","14 June 2019","Illustrated Flora of East Texas",,,,,"Madalynne Gatto",80,2016-06-15,2016,6,15,167,,15-Jun-16,,,,,,,,,,,,,,,"United States",Texas,Guadalupe,,"Schwarzlose Rd Mesquite Creek",,29.74453333,-97.99588333,,,"29.74453333, -97.99588333",,,,,,166,166,,,,,,,,"2019-06-14 12:37:06",http://creativecommons.org/licenses/by-nc/4.0/,,,urn:uuid:28ebbd2e-b3d2-4947-8418-2f08c1459e04,https://portal.torcherbaria.org/portal/collections/individual/index.php?occid=19908022
19908472,TLU,TLU,,6ade07ee-25bf-49c8-ae19-f7c225f70422,PreservedSpecimen,214279b3-144d-49b5-abed-37b4d5a3f4f1,,,Plantae|Magnoliophyta|Monocots|Commelinids|Poales|Cyperaceae|Eleocharis,Plantae,Magnoliophyta,,Poales,Cyperaceae,"Eleocharis engelmannii",2919,Steud.,Eleocharis,,engelmannii,,,Species,"Mark P. Gustafson",2019,,,,,,"Kody Windecker; M. Gates, M. Gustafson, S. Hight, A. Lievens, and L. Mundt",20,2017-05-19,2017,5,19,139,,19-May-17,,,,,,,,,,,,,,,"United States",Texas,Guadalupe,,"Reeves Ranch, Schneider Road",,29.49641667,-97.92321667,,,"29.49641667, -97.92321667",,,,,,,150,,,,,,,,"2019-07-10 12:10:26",http://creativecommons.org/licenses/by-nc/4.0/,,,urn:uuid:214279b3-144d-49b5-abed-37b4d5a3f4f1,https://portal.torcherbaria.org/portal/collections/individual/index.php?occid=19908472
19908486,TLU,TLU,,6ade07ee-25bf-49c8-ae19-f7c225f70422,PreservedSpecimen,15d4f65f-df01-43ac-ba02-4930202b7e53,,,"Plantae|Magnoliophyta|Eudicots|Core Eudicots|Caryophyllales|Cactaceae|Coryphantha",Plantae,Magnoliophyta,,Caryophyllales,Cactaceae,"Coryphantha sulcata",79121,"(Engelm.) Britton & Rose",Coryphantha,,sulcata,,,Species,,,,,,,,"Mark P. Gustafson",,,2017,,,,,,"photo only",,,"field values redacted: eventDate, month, day, startDayOfYear, verbatimEventDate, recordNumber, locality, decimalLatitude, decimalLongitude, geodeticDatum, coordinateUncertaintyInMeters, georeferencedBy, georeferenceSources, georeferenceVerificationStatus",,,,,,,,,,,"United States",Texas,Guadalupe,,,,,,,,,,,,,,,,,,,,,,,"2018-06-15 09:18:36",http://creativecommons.org/licenses/by-nc/4.0/,,,urn:uuid:15d4f65f-df01-43ac-ba02-4930202b7e53,https://portal.torcherbaria.org/portal/collections/individual/index.php?occid=19908486
19908644,TLU,TLU,,6ade07ee-25bf-49c8-ae19-f7c225f70422,PreservedSpecimen,6b00c9f1-6eda-4bb8-9631-f5d2126ff933,,,"Plantae|Magnoliophyta|Monocots|Commelinids|Poales|Cyperaceae|Schoenoplectiella|Schoenoplectiella erecta",Plantae,Magnoliophyta,,Poales,Cyperaceae,"Schoenoplectiella erecta subsp. raynalii",180680,"(Schuyler) Beentje",Schoenoplectiella,,erecta,subsp.,raynalii,Subspecies,"Mark P. Gustafson","3 July 2018",,,,,,"Marquise Gates; M. Gustafson, S. Hight, A. Lievens, L. Mundt, and K. Windecker",69,2017-06-07,2017,6,7,158,,7-Jun-17,,,,,,,,,,,,,,,"United States",Texas,Guadalupe,,"Christenson Ranch, off Old Colony Road. At the edge of a stock pond.",,29.4147,-97.98475,,,"29.4147, -97.98475",,,,,,190,,,,,,,,,"2018-07-06 12:50:49",http://creativecommons.org/licenses/by-nc/4.0/,,,urn:uuid:6b00c9f1-6eda-4bb8-9631-f5d2126ff933,https://portal.torcherbaria.org/portal/collections/individual/index.php?occid=19908644
19908708,TLU,TLU,,6ade07ee-25bf-49c8-ae19-f7c225f70422,PreservedSpecimen,8f651e00-270e-48c3-b32f-7434974c8aa5,,,Plantae|Magnoliophyta|Monocots|Commelinids|Poales|Cyperaceae|Fuirena,Plantae,Magnoliophyta,,Poales,Cyperaceae,"Fuirena simplex",1942,Vahl,Fuirena,,simplex,,,Species,"Mark P. Gustafson","10 July 2018","Illustrated Flora of East Texas",,,,,"Kody Windecker; M. Gates, M. Gustafson, S. Hight, A. Lievens, and L. Mundt",87,2017-06-09,2017,6,9,160,,9-Jun-17,,,,,,,,,,,,,,,"United States",Texas,Guadalupe,,"Weston Ranch, north of Green Valley Road.",,29.65376667,-98.13703333,,,"29.65376667, -98.13703333",,,,,,221,,,,,,,,,"2018-07-10 13:08:21",http://creativecommons.org/licenses/by-nc/4.0/,,,urn:uuid:8f651e00-270e-48c3-b32f-7434974c8aa5,https://portal.torcherbaria.org/portal/collections/individual/index.php?occid=19908708
19908851,TLU,TLU,,6ade07ee-25bf-49c8-ae19-f7c225f70422,PreservedSpecimen,f4e3a781-740d-4e54-a4c7-a3a574630a78,,,"Plantae|Magnoliophyta|Eudicots|Core Eudicots|Caryophyllales|Cactaceae|Thelocactus",Plantae,Magnoliophyta,,Caryophyllales,Cactaceae,"Thelocactus setispinus",103307,"(Engelm.) E.F. Anderson",Thelocactus,,setispinus,,,Species,,,,,,,,"Mark P. Gustafson",,,2018,,,,,,,,,"field values redacted: eventDate, month, day, startDayOfYear, verbatimEventDate, recordNumber, locality, decimalLatitude, decimalLongitude, geodeticDatum, coordinateUncertaintyInMeters, georeferencedBy, georeferenceSources, georeferenceVerificationStatus",,,,,,,,,,,"United States",Texas,Guadalupe,,,,,,,,,,,,,,,,,,,,,,,"2020-09-28 10:07:00",http://creativecommons.org/licenses/by-nc/4.0/,,,urn:uuid:f4e3a781-740d-4e54-a4c7-a3a574630a78,https://portal.torcherbaria.org/portal/collections/individual/index.php?occid=19908851
19904858,TLU,TLU,,6ade07ee-25bf-49c8-ae19-f7c225f70422,PreservedSpecimen,c7c26548-996b-4396-8c52-28709c071f49,,,Plantae|Magnoliophyta|Monocots|Commelinids|Poales|Cyperaceae|Cyperus,Plantae,Magnoliophyta,,Poales,Cyperaceae,"Cyperus odoratus",871,L.,Cyperus,,odoratus,,,Species,"Mark P. Gustafson","9 July 2019","Illustrated Flora of East Texas",,,,,"Julia Byrd",08-141,2008-06-24,2008,6,24,176,,24-Jun-08,,,,,,,,,,,,,,,"United States",Texas,Guadalupe,,"Weston Ranch lot 20 at or near a stock pond",,29.64751,-98.13663,WGS84,583,,"mgustafson (2018-06-08 11:30:00)",,"georef batch tool 2018-06-08","reviewed - high confidence",,218,218,,,,,,,,"2019-07-09 12:34:42",http://creativecommons.org/licenses/by-nc/4.0/,,,urn:uuid:c7c26548-996b-4396-8c52-28709c071f49,https://portal.torcherbaria.org/portal/collections/individual/index.php?occid=19904858
19905157,TLU,TLU,,6ade07ee-25bf-49c8-ae19-f7c225f70422,PreservedSpecimen,79c91da0-ff7f-4657-9781-0115fa1e85c4,,,"Plantae|Magnoliophyta|Eudicots|Core Eudicots|Caryophyllales|Cactaceae|Echinocactus",Plantae,Magnoliophyta,,Caryophyllales,Cactaceae,"Echinocactus texensis",18161,Hopffer,Echinocactus,,texensis,,,Species,,,,,,,,"Mark P. Gustafson",,,2009,,,,,,"photo only",,,"field values redacted: eventDate, month, day, startDayOfYear, verbatimEventDate, recordNumber, locality, decimalLatitude, decimalLongitude, geodeticDatum, coordinateUncertaintyInMeters, georeferencedBy, georeferenceSources, georeferenceVerificationStatus",,,,,,,,,,,"United States",Texas,Guadalupe,,,,,,,,,,,,,,,,,,,,,,,"2018-06-15 09:18:36",http://creativecommons.org/licenses/by-nc/4.0/,,,urn:uuid:79c91da0-ff7f-4657-9781-0115fa1e85c4,https://portal.torcherbaria.org/portal/collections/individual/index.php?occid=19905157
