<?xml version="1.0" encoding="UTF-8"?>
<eml:eml xmlns:eml="eml://ecoinformatics.org/eml-2.1.1" xmlns:dc="http://purl.org/dc/terms/" xmlns:xsi="http://www.w3.org/2001/XMLSchema-instance" xsi:schemaLocation="eml://ecoinformatics.org/eml-2.1.1 http://rs.gbif.org/schema/eml-gbif-profile/1.0.1/eml.xsd" packageId="46ea8aad-f20a-4884-9fcc-274a1870f2ff" system="https://symbiota.org" scope="system" xml:lang="eng"><dataset><alternateIdentifier>https://portal.torcherbaria.org/portal/collections/misc/collprofiles.php?collid=488</alternateIdentifier><title xml:lang="eng">Lady Bird Johnson Wildflower Center Herbarium</title><creator id="3af58358-9758-4cb7-b213-7caeaa233342"><organizationName>TORCH Portal</organizationName><electronicMailAddress>jbest@brit.org</electronicMailAddress><onlineUrl>https://portal.torcherbaria.org/portal/index.php</onlineUrl></creator><metadataProvider><organizationName>TORCH Portal</organizationName><electronicMailAddress>jbest@brit.org</electronicMailAddress><onlineUrl>https://portal.torcherbaria.org/portal/index.php</onlineUrl></metadataProvider><pubDate>2021-03-04</pubDate><language>eng</language><abstract><para>The Lady Bird Johnson Wildflower Center was founded by Lady Bird Johnson and Helen Hayes as the National Wildflower Research Center in 1982, as a private nonprofit research organization focused on Texas wildflowers. The herbarium at the Center was established in 1987 to support ongoing research efforts in species conservation, ex-situ plant conservation (including seed banking), habitat restoration, and landscape ecology. Although some of the earliest accessions in the herbarium carry the stamp of the National Wildflower Research Center, the institution was renamed the Lady Bird Johnson Wildflower Center in 1997 in recognition of Mrs. Johnson’s environmental legacy as well as the Center’s evolution into a major regional botanical garden. Subsequently, the Center joined the University of Texas at Austin in 2006 as one of its research units. The JWC herbarium’s collections almost exclusively voucher research projects conducted over the years by its staff and associates, as well as samples collected on behalf of the Millennium Seed Bank.</para></abstract><contact><organizationName>Lady Bird Johnson Wildflower Center Herbarium</organizationName><electronicMailAddress>mmarr@wildflower.org</electronicMailAddress><onlineUrl>https://www.wildflower.org</onlineUrl></contact><associatedParty><individualName><surName>Minnette Marr, Conservation Botanist &amp; Research Associate</surName></individualName><electronicMailAddress>mmarr@wildflower.org</electronicMailAddress><role>contentProvider</role></associatedParty><intellectualRights><para>To the extent possible under law, the publisher has waived all rights to these data and has dedicated them to the <ulink url="http://creativecommons.org/publicdomain/zero/1.0/"><citetitle></citetitle></ulink></para></intellectualRights></dataset><additionalMetadata><metadata><symbiota><dateStamp>2021-03-04T13:49:17-07:00</dateStamp><citation identifier="2eade46c-0aab-4d38-a0b5-c46cec5b8ca9">TORCH Portal - 2eade46c-0aab-4d38-a0b5-c46cec5b8ca9</citation><physical><characterEncoding>UTF-8</characterEncoding><dataFormat><externallyDefinedFormat><formatName>Darwin Core Archive</formatName></externallyDefinedFormat></dataFormat></physical><collection identifier="903c57a7-b464-4961-a626-647597266c94" id="488"><alternateIdentifier>https://portal.torcherbaria.org/portal/collections/misc/collprofiles.php?collid=488</alternateIdentifier><parentCollectionIdentifier>JWC</parentCollectionIdentifier><collectionIdentifier></collectionIdentifier><collectionName>Lady Bird Johnson Wildflower Center Herbarium</collectionName><resourceLogoUrl>https://portal.torcherbaria.org/portal/content/collicon/jwc.png</resourceLogoUrl><onlineUrl>https://www.wildflower.org</onlineUrl><intellectualRights>http://creativecommons.org/publicdomain/zero/1.0/</intellectualRights><associatedParty><individualName><surName>Minnette Marr, Conservation Botanist &amp; Research Associate</surName></individualName><electronicMailAddress>mmarr@wildflower.org</electronicMailAddress></associatedParty><abstract><para>The Lady Bird Johnson Wildflower Center was founded by Lady Bird Johnson and Helen Hayes as the National Wildflower Research Center in 1982, as a private nonprofit research organization focused on Texas wildflowers. The herbarium at the Center was established in 1987 to support ongoing research efforts in species conservation, ex-situ plant conservation (including seed banking), habitat restoration, and landscape ecology. Although some of the earliest accessions in the herbarium carry the stamp of the National Wildflower Research Center, the institution was renamed the Lady Bird Johnson Wildflower Center in 1997 in recognition of Mrs. Johnson’s environmental legacy as well as the Center’s evolution into a major regional botanical garden. Subsequently, the Center joined the University of Texas at Austin in 2006 as one of its research units. The JWC herbarium’s collections almost exclusively voucher research projects conducted over the years by its staff and associates, as well as samples collected on behalf of the Millennium Seed Bank.</para></abstract></collection></symbiota></metadata></additionalMetadata></eml:eml>
