<?xml version="1.0" encoding="UTF-8"?>
<eml:eml xmlns:eml="eml://ecoinformatics.org/eml-2.1.1" xmlns:dc="http://purl.org/dc/terms/" xmlns:xsi="http://www.w3.org/2001/XMLSchema-instance" xsi:schemaLocation="eml://ecoinformatics.org/eml-2.1.1 http://rs.gbif.org/schema/eml-gbif-profile/1.0.1/eml.xsd" packageId="02ceafa9-166d-47a3-8c46-6657ca87c0a7" system="https://symbiota.org" scope="system" xml:lang="eng"><dataset><alternateIdentifier>https://portal.torcherbaria.org/portal/collections/misc/collprofiles.php?collid=366</alternateIdentifier><title xml:lang="eng">University of Texas at Austin Herbarium</title><creator id="3af58358-9758-4cb7-b213-7caeaa233342"><organizationName>TORCH Portal</organizationName><electronicMailAddress>jbest@brit.org</electronicMailAddress><onlineUrl>https://portal.torcherbaria.org/portal/index.php</onlineUrl></creator><metadataProvider><organizationName>TORCH Portal</organizationName><electronicMailAddress>jbest@brit.org</electronicMailAddress><onlineUrl>https://portal.torcherbaria.org/portal/index.php</onlineUrl></metadataProvider><pubDate>2021-03-04</pubDate><language>eng</language><abstract><para>The University of Texas Herbarium (TEX) is part of the Billie L. Turner Plant Resources Center, which houses the combined herbaria of TEX and the Lundell Herbarium (LL). The combined PRC collections include over one million specimens from all parts of the world and represent the 13th largest herbarium in the United States. The two herbaria (TEX and LL) are completely integrated and interfiled, although each sheet is marked as to its herbarium and should be cited as such. The University of Texas Herbarium itself, with close to 700,000 specimens, dates to about 1890 and is especially strong in Texas and Mexican specimens. The research interests of faculty, staff, and graduate students have led to very strong representation of Asteraceae, Fabaceae, and Rhamnaceae, among other families, as well as the Chihuahuan Desert region (Mexico and the U.S.) and the mountains and plains of northeastern Mexico. All new specimens received into the Plant Resources Center are now accessioned into TEX.</para></abstract><contact><organizationName>University of Texas at Austin Herbarium</organizationName><phone>512-471-5904</phone><electronicMailAddress>george.yatskievych@austin.utexas.edu</electronicMailAddress><onlineUrl>https://biodiversity.utexas.edu/resources/collections/plants</onlineUrl><addr><deliveryPoint>Main Bldg, Rm 127, 110 Inner Campus Dr, Stop F0404</deliveryPoint><city>Austin</city><administrativeArea>TX</administrativeArea><postalCode>78712-1711</postalCode><country>USA</country></addr></contact><associatedParty><individualName><surName>George Yatskievych</surName><givenName></givenName></individualName><electronicMailAddress>george.yatskievych@austin.utexas.edu</electronicMailAddress><role>contentProvider</role></associatedParty><intellectualRights><para>To the extent possible under law, the publisher has waived all rights to these data and has dedicated them to the <ulink url="http://creativecommons.org/publicdomain/zero/1.0/"><citetitle></citetitle></ulink></para></intellectualRights></dataset><additionalMetadata><metadata><symbiota><dateStamp>2021-03-04T13:46:43-07:00</dateStamp><citation identifier="44793e2f-f231-47e3-8686-3574a1fd14e5">TORCH Portal - 44793e2f-f231-47e3-8686-3574a1fd14e5</citation><physical><characterEncoding>UTF-8</characterEncoding><dataFormat><externallyDefinedFormat><formatName>Darwin Core Archive</formatName></externallyDefinedFormat></dataFormat></physical><collection identifier="c75cb98d-a881-45ce-a4f7-e4f28ef32afe" id="366"><alternateIdentifier>https://portal.torcherbaria.org/portal/collections/misc/collprofiles.php?collid=366</alternateIdentifier><parentCollectionIdentifier>TEX</parentCollectionIdentifier><collectionIdentifier></collectionIdentifier><collectionName>University of Texas at Austin Herbarium</collectionName><resourceLogoUrl>https://swbiodiversity.org/seinet/content/collicon/tex.jpg</resourceLogoUrl><onlineUrl>https://biodiversity.utexas.edu/resources/collections/plants</onlineUrl><intellectualRights>http://creativecommons.org/publicdomain/zero/1.0/</intellectualRights><associatedParty><individualName><surName>George Yatskievych</surName><givenName></givenName></individualName><electronicMailAddress>george.yatskievych@austin.utexas.edu</electronicMailAddress></associatedParty><abstract><para>The University of Texas Herbarium (TEX) is part of the Billie L. Turner Plant Resources Center, which houses the combined herbaria of TEX and the Lundell Herbarium (LL). The combined PRC collections include over one million specimens from all parts of the world and represent the 13th largest herbarium in the United States. The two herbaria (TEX and LL) are completely integrated and interfiled, although each sheet is marked as to its herbarium and should be cited as such. The University of Texas Herbarium itself, with close to 700,000 specimens, dates to about 1890 and is especially strong in Texas and Mexican specimens. The research interests of faculty, staff, and graduate students have led to very strong representation of Asteraceae, Fabaceae, and Rhamnaceae, among other families, as well as the Chihuahuan Desert region (Mexico and the U.S.) and the mountains and plains of northeastern Mexico. All new specimens received into the Plant Resources Center are now accessioned into TEX.</para></abstract></collection></symbiota></metadata></additionalMetadata></eml:eml>
