<?xml version="1.0" encoding="UTF-8"?>
<eml:eml xmlns:eml="eml://ecoinformatics.org/eml-2.1.1" xmlns:dc="http://purl.org/dc/terms/" xmlns:xsi="http://www.w3.org/2001/XMLSchema-instance" xsi:schemaLocation="eml://ecoinformatics.org/eml-2.1.1 http://rs.gbif.org/schema/eml-gbif-profile/1.0.1/eml.xsd" packageId="aa349240-f510-4f60-af37-e53022dd6116" system="https://symbiota.org" scope="system" xml:lang="eng"><dataset><alternateIdentifier>https://portal.torcherbaria.org/portal/collections/misc/collprofiles.php?collid=309</alternateIdentifier><title xml:lang="eng">University of Louisiana at Monroe Herbarium, R. Dale Thomas Collection</title><creator id="3af58358-9758-4cb7-b213-7caeaa233342"><organizationName>TORCH Portal</organizationName><electronicMailAddress>jbest@brit.org</electronicMailAddress><onlineUrl>https://portal.torcherbaria.org/portal/index.php</onlineUrl></creator><metadataProvider><organizationName>TORCH Portal</organizationName><electronicMailAddress>jbest@brit.org</electronicMailAddress><onlineUrl>https://portal.torcherbaria.org/portal/index.php</onlineUrl></metadataProvider><pubDate>2021-03-04</pubDate><language>eng</language><abstract><para>The R. Dale Thomas Collection - University of Louisiana Monroe (NLU) collection was transferred to the Botanical Research Institute of Texas in 2017. Additionally in 2018-2019, more than 50,000 NLU specimens were transferred to the Shirley C. Tucker Herbarium (LSU) at Lousiana State University. Please contact Tiana Rehman (trehman@brit.org) with any questions regarding the collection.</para></abstract><contact><organizationName>University of Louisiana at Monroe Herbarium, R. Dale Thomas Collection</organizationName><phone>817-332-4441</phone><electronicMailAddress>trehman@brit.org</electronicMailAddress><onlineUrl>http://www.brit.org/research/collections/nlu</onlineUrl><addr><deliveryPoint>1700 University Drive</deliveryPoint><city>Fort Worth</city><administrativeArea>TX</administrativeArea><postalCode>76107-3400</postalCode><country>USA</country></addr></contact><associatedParty><individualName><surName>Tiana Rehman</surName><givenName></givenName></individualName><electronicMailAddress>trehman@brit.org</electronicMailAddress><role>contentProvider</role></associatedParty><intellectualRights><para>To the extent possible under law, the publisher has waived all rights to these data and has dedicated them to the <ulink url="http://creativecommons.org/publicdomain/zero/1.0/"><citetitle></citetitle></ulink></para></intellectualRights></dataset><additionalMetadata><metadata><symbiota><dateStamp>2021-03-04T13:45:07-07:00</dateStamp><citation identifier="7e6ed96a-644d-4c8c-aec6-7aad7c60d218">TORCH Portal - 7e6ed96a-644d-4c8c-aec6-7aad7c60d218</citation><physical><characterEncoding>UTF-8</characterEncoding><dataFormat><externallyDefinedFormat><formatName>Darwin Core Archive</formatName></externallyDefinedFormat></dataFormat></physical><collection identifier="b198a10f-39d3-44ac-be3f-c617646b5eb2" id="309"><alternateIdentifier>https://portal.torcherbaria.org/portal/collections/misc/collprofiles.php?collid=309</alternateIdentifier><parentCollectionIdentifier>NLU</parentCollectionIdentifier><collectionIdentifier></collectionIdentifier><collectionName>University of Louisiana at Monroe Herbarium, R. Dale Thomas Collection</collectionName><resourceLogoUrl>https://sernecportal.org/portal/content/collicon/nlu.png</resourceLogoUrl><onlineUrl>http://www.brit.org/research/collections/nlu</onlineUrl><intellectualRights>http://creativecommons.org/publicdomain/zero/1.0/</intellectualRights><associatedParty><individualName><surName>Tiana Rehman</surName><givenName></givenName></individualName><electronicMailAddress>trehman@brit.org</electronicMailAddress></associatedParty><abstract><para>The R. Dale Thomas Collection - University of Louisiana Monroe (NLU) collection was transferred to the Botanical Research Institute of Texas in 2017. Additionally in 2018-2019, more than 50,000 NLU specimens were transferred to the Shirley C. Tucker Herbarium (LSU) at Lousiana State University. Please contact Tiana Rehman (trehman@brit.org) with any questions regarding the collection.</para></abstract></collection></symbiota></metadata></additionalMetadata></eml:eml>
