<?xml version="1.0" encoding="UTF-8"?>
<eml:eml xmlns:eml="eml://ecoinformatics.org/eml-2.1.1" xmlns:dc="http://purl.org/dc/terms/" xmlns:xsi="http://www.w3.org/2001/XMLSchema-instance" xsi:schemaLocation="eml://ecoinformatics.org/eml-2.1.1 http://rs.gbif.org/schema/eml-gbif-profile/1.0.1/eml.xsd" packageId="01aae9a5-3b30-4ef8-91b8-07177c10839f" system="https://symbiota.org" scope="system" xml:lang="eng"><dataset><alternateIdentifier>https://portal.torcherbaria.org/portal/collections/misc/collprofiles.php?collid=387</alternateIdentifier><title xml:lang="eng">Texas Tech University, E. L. Reed Herbarium</title><creator id="3af58358-9758-4cb7-b213-7caeaa233342"><organizationName>TORCH Portal</organizationName><electronicMailAddress>jbest@brit.org</electronicMailAddress><onlineUrl>https://portal.torcherbaria.org/portal/index.php</onlineUrl></creator><metadataProvider><organizationName>TORCH Portal</organizationName><electronicMailAddress>jbest@brit.org</electronicMailAddress><onlineUrl>https://portal.torcherbaria.org/portal/index.php</onlineUrl></metadataProvider><pubDate>2021-03-04</pubDate><language>eng</language><abstract><para>The E.L. Reed Herbarium was founded in 1925 as part of the Texas Technological College (TTC). Located on the roof of the Biology building, the herbarium was founded by Reed and R.A. Studhalter, who provided key collections from the South Plains and Panhandle region of Texas. In the 1970s, Burgess and Northington led the first vegetative survey of the newly founded Guadalupe Mountains National Park in Culberson County, Texas, and TTC houses their collections.</para></abstract><contact><organizationName>Texas Tech University, E. L. Reed Herbarium</organizationName><electronicMailAddress>matt.johnson@ttu.edu</electronicMailAddress><onlineUrl>http://www.mossmatters.com/herbarium</onlineUrl><addr><deliveryPoint>Biological Sciences, 2901 Main Street MS3131</deliveryPoint><city>Lubbock</city><administrativeArea>Texas</administrativeArea><postalCode>79409</postalCode><country>United States</country></addr></contact><associatedParty><individualName><surName>Johnson, Matt</surName><givenName></givenName></individualName><electronicMailAddress>matt.johnson@ttu.edu</electronicMailAddress><role>contentProvider</role></associatedParty><intellectualRights><para>To the extent possible under law, the publisher has waived all rights to these data and has dedicated them to the <ulink url="http://creativecommons.org/publicdomain/zero/1.0/"><citetitle></citetitle></ulink></para></intellectualRights></dataset><additionalMetadata><metadata><symbiota><dateStamp>2021-03-04T13:48:20-07:00</dateStamp><citation identifier="c8641b43-853f-4a9a-af4d-f66aa1ead3c9">TORCH Portal - c8641b43-853f-4a9a-af4d-f66aa1ead3c9</citation><physical><characterEncoding>UTF-8</characterEncoding><dataFormat><externallyDefinedFormat><formatName>Darwin Core Archive</formatName></externallyDefinedFormat></dataFormat></physical><collection identifier="urn:lsid:biocol.org:col:14194" id="387"><alternateIdentifier>https://portal.torcherbaria.org/portal/collections/misc/collprofiles.php?collid=387</alternateIdentifier><parentCollectionIdentifier>TTC</parentCollectionIdentifier><collectionIdentifier></collectionIdentifier><collectionName>Texas Tech University, E. L. Reed Herbarium</collectionName><resourceLogoUrl>https://portal.torcherbaria.org/portal/content/collicon/ttc.png</resourceLogoUrl><onlineUrl>http://www.mossmatters.com/herbarium</onlineUrl><intellectualRights>http://creativecommons.org/publicdomain/zero/1.0/</intellectualRights><associatedParty><individualName><surName>Johnson, Matt</surName><givenName></givenName></individualName><electronicMailAddress>matt.johnson@ttu.edu</electronicMailAddress></associatedParty><abstract><para>The E.L. Reed Herbarium was founded in 1925 as part of the Texas Technological College (TTC). Located on the roof of the Biology building, the herbarium was founded by Reed and R.A. Studhalter, who provided key collections from the South Plains and Panhandle region of Texas. In the 1970s, Burgess and Northington led the first vegetative survey of the newly founded Guadalupe Mountains National Park in Culberson County, Texas, and TTC houses their collections.</para></abstract></collection></symbiota></metadata></additionalMetadata></eml:eml>
